cvegeo	pop	delitos	delitos_cien_k
0900200010010	3183	82	2576.1859880615775
0900200010025	5593	77	1376.720901126408
090020001003A	4235	60	1416.7650531286895
0900200010044	4768	98	2055.3691275167785
0900200010097	2176	59	2711.3970588235293
090020001010A	3346	73	2181.7095038852362
0900200010114	9866	199	2017.0281775795663
0900200010129	5703	135	2367.1751709626515
0900200010133	7288	153	2099.3413830954996
0900200010148	2513	57	2268.2053322721845
0900200010167	3049	101	3312.561495572319
0900200010171	2313	58	2507.5659316904453
0900200010186	11139	179	1606.9665140497352
0900200010190	8920	174	1950.6726457399102
0900200010203	5495	128	2329.390354868062
0900200010218	4162	112	2691.013935607881
0900200010222	7064	148	2095.1302378255946
0900200010237	7093	118	1663.6120118426616
0900200010256	4894	101	2063.7515324887618
0900200010260	5027	105	2088.720907101651
0900200010275	7063	180	2548.4921421492286
090020001028A	3133	61	1947.0156399616983
0900200010294	6122	170	2776.8703038222807
0900200010307	5718	144	2518.3630640083943
0900200010311	3817	257	6733.036416033534
0900200010326	8373	153	1827.302042278753
0900200010330	2352	83	3528.9115646258506
0900200010345	4283	106	2474.900770487976
090020001035A	6325	118	1865.6126482213438
0900200010364	3407	89	2612.2688582330493
0900200010379	4525	86	1900.5524861878453
0900200010383	4040	88	2178.2178217821784
0900200010398	4230	90	2127.6595744680853
0900200010400	3953	115	2909.182899064002
0900200010415	4165	74	1776.7106842737096
0900200010434	2831	84	2967.149417167079
0900200010449	2939	108	3674.7192922762847
0900200010468	4552	237	5206.502636203867
0900200010472	6574	189	2874.9619714024943
0900200010487	4207	159	3779.4152602804847
0900200010491	6312	144	2281.368821292776
0900200010504	4754	116	2440.0504838031134
0900200010519	2409	73	3030.3030303030305
0900200010542	6915	197	2848.879248011569
0900200010557	4475	76	1698.3240223463688
0900200010561	3454	91	2634.626519976838
0900200010576	3168	90	2840.909090909091
0900200010580	4220	157	3720.379146919431
0900200010595	5116	97	1896.0125097732605
0900200010608	5135	99	1927.9454722492696
0900200010612	4333	82	1892.453265635818
0900200010627	4912	110	2239.413680781759
0900200010631	5263	119	2261.0678320349607
0900200010650	6499	209	3215.879366056316
0900200010665	7747	242	3123.7898541370855
090020001067A	6226	141	2264.6964343077416
0900200010684	3991	147	3683.2873966424454
0900200010699	2696	96	3560.8308605341244
0900200010701	2400	95	3958.333333333333
0900200010716	3775	107	2834.437086092715
0900200010720	2653	65	2450.056539766302
090020001074A	2850	117	4105.263157894737
0900200010754	2282	50	2191.060473269062
0900200010769	9195	197	2142.4687330070687
0900200010773	2314	47	2031.114952463267
0900200010788	2450	190	7755.102040816326
0900200010792	4954	102	2058.9422688736377
0900200010805	1996	84	4208.416833667335
090020001081A	3761	89	2366.3919170433396
0900200010824	3028	77	2542.932628797886
0900200010839	3004	95	3162.450066577896
0900200010843	3643	90	2470.491353280264
0900200010858	4395	113	2571.1035267349257
0900200010877	821	144	17539.585870889157
0900200010881	5207	182	3495.2947954676397
0900200010896	1532	8	522.1932114882507
0900200010909	1810	29	1602.209944751381
0900200010913	3311	24	724.8565388100271
0900200010928	1841	192	10429.114611624118
0900200010932	408	43	10539.215686274509
0900200010947	4456	36	807.899461400359
0900200010966	2047	53	2589.1548607718614
0900200010970	2953	69	2336.606840501185
0900200010985	2334	22	942.5878320479864
090020001099A	1337	26	1944.6522064323112
0900200011004	7559	122	1613.9701018653261
0900200011019	1689	28	1657.7856719952636
0900200011023	7644	201	2629.5133437990585
0900200011038	7053	144	2041.6843896214377
0900200011042	5802	102	1758.0144777662874
0900200011057	2418	77	3184.449958643507
0900200011061	1719	25	1454.3339150668994
0900200011076	1	10	999999.9999999999
0900200011080	5000	69	1380
0900200011095	7035	134	1904.7619047619048
0900200011112	4239	18	424.6284501061571
0900200011127	2837	14	493.4790271413465
0900200011131	2543	32	1258.3562721195437
0900200011146	927	34	3667.7454153182307
0900200011150	3486	38	1090.0745840504876
0900200011165	400	90	22500
090020001117A	1602	22	1373.283395755306
0900200011184	1433	19	1325.8897418004187
0900300010018	1658	127	7659.831121833534
0900300010022	1569	95	6054.811982154239
0900300010037	1428	140	9803.921568627451
0900300010041	3006	125	4158.3499667332
0900300010056	3895	105	2695.7637997432607
0900300010060	4299	149	3465.922307513375
0900300010075	2825	106	3752.212389380531
090030001008A	2297	34	1480.1915542011318
0900300010094	3531	70	1982.4412347776833
0900300010107	6992	132	1887.8718535469109
0900300010111	1380	75	5434.782608695652
0900300010126	1803	109	6045.479755962285
0900300010130	2171	183	8429.29525564256
0900300010145	2090	167	7990.43062200957
090030001015A	5065	180	3553.8005923000987
0900300010164	2900	179	6172.413793103448
0900300010179	2198	51	2320.2911737943587
0900300010183	2789	65	2330.584438866977
0900300010198	1649	44	2668.283808368708
0900300010200	5523	109	1973.5650914358139
0900300010215	6100	65	1065.5737704918033
090030001022A	8705	120	1378.5180930499712
0900300010234	710	79	11126.760563380281
0900300010249	740	117	15810.81081081081
0900300010268	1305	113	8659.003831417624
0900300010272	3327	91	2735.1968740607153
0900300010287	8213	215	2617.801047120419
0900300010291	4212	122	2896.4862298195635
0900300010304	1968	80	4065.040650406504
0900300010319	2494	124	4971.932638331997
0900300010323	2398	53	2210.1751459549623
0900300010342	3376	65	1925.3554502369668
0900300010357	4074	81	1988.217967599411
0900300010361	1977	32	1618.6140617096612
0900300010376	1268	10	788.6435331230284
0900300010380	2851	71	2490.3542616625746
0900300010395	2301	26	1129.9435028248588
0900300010408	1576	36	2284.263959390863
0900300010412	3853	20	519.0760446405399
0900300010427	2116	58	2741.0207939508505
0900300010431	5344	119	2226.7964071856286
0900300010446	5501	119	2163.2430467187783
0900300010450	6576	172	2615.571776155718
0900300010465	1476	72	4878.048780487805
0900300010484	1003	34	3389.830508474576
0900300010499	2502	51	2038.3693045563548
0900300010501	3477	50	1438.0212827149842
0900300010516	1436	63	4387.186629526463
0900300010520	2615	62	2370.9369024856596
0900300010535	7676	159	2071.391349661282
090030001054A	784	165	21045.918367346938
0900300010554	4591	75	1633.63101720758
0900300010573	12827	274	2136.119123723396
0900300010588	1779	60	3372.681281618887
0900300010605	3621	103	2844.5180889257113
090030001061A	10554	208	1970.8167519423916
0900300010624	9838	209	2124.4155316121164
0900300010639	12525	217	1732.5349301397205
0900300010643	8559	204	2383.4560112162635
0900300010658	10461	269	2571.455883758723
0900300010662	5469	125	2285.6098006948255
0900300010677	8113	132	1627.0183655860965
0900300010681	4561	82	1797.8513483885113
0900300010696	2382	99	4156.171284634761
0900300010709	3117	76	2438.241899262111
0900300010713	4685	123	2625.4002134471716
0900300010728	3836	95	2476.5380604796665
0900300010770	326	354	108588.95705521473
0900300010785	11640	266	2285.2233676975943
090030001079A	9058	137	1512.4751600794878
0900300010802	13042	247	1893.8813065480754
0900300010817	10152	287	2827.0291568163907
0900300010821	5221	113	2164.3363340356254
0900300010836	6381	133	2084.3128036357934
0900300010840	6633	115	1733.7554650987486
0900300010855	2696	68	2522.255192878338
090030001086A	2670	109	4082.397003745318
0900300010889	2647	94	3551.190026445032
0900300010893	1749	63	3602.0583190394514
0900300010906	3324	131	3941.034897713598
090030001093A	1211	16	1321.2221304706854
0900300010959	4224	76	1799.2424242424242
0900300010963	6516	254	3898.0969920196444
0900300010978	8080	208	2574.2574257425745
0900300010982	6525	119	1823.7547892720306
0900300010997	9422	266	2823.1797919762257
0900300011001	6521	136	2085.569697899095
0900300011016	6606	109	1650.0151377535576
0900300011020	4471	77	1722.209796466115
0900300011069	1633	38	2327.0055113288427
0900300011073	1616	27	1670.7920792079208
0900300011092	5787	100	1728.0110592707795
0900300011105	2795	329	11771.019677996423
0900300011124	5743	179	3116.837889604736
0900300011139	691	17	2460.202604920405
0900300011143	540	8	1481.4814814814813
0900300011158	8986	231	2570.665479634988
0900300011162	14061	265	1884.6454732949292
0900300011181	4132	90	2178.1219748305903
0900300011213	5772	112	1940.4019404019405
0900300011228	2280	36	1578.9473684210525
0900300011232	3022	63	2084.712111184646
0900300011247	5019	104	2072.1259214983065
0900300011251	2321	60	2585.0926324859975
0900300011266	2811	59	2098.8971896122375
0900300011270	4167	66	1583.8732901367891
0900300011285	3625	59	1627.5862068965519
090030001129A	3454	36	1042.2698320787492
0900300011302	1973	56	2838.317283324886
0900300011317	2754	56	2033.4059549745825
0900300011321	3755	74	1970.705725699068
0900300011336	2908	51	1753.7826685006876
0900300011340	2546	65	2553.024351924588
0900300011355	2461	45	1828.524989841528
090030001136A	2243	57	2541.239411502452
0900300011374	2494	50	2004.8115477145147
0900300011389	3600	64	1777.7777777777778
0900300011393	2828	35	1237.6237623762377
0900300011406	3216	36	1119.402985074627
0900300011410	4242	121	2852.4280999528523
0900300011425	6786	134	1974.6536987916297
090030001143A	2877	67	2328.8147375738617
0900300011444	2651	96	3621.2749905695964
0900300011459	2436	60	2463.054187192118
0900300011463	2844	41	1441.6315049226441
0900300011478	3845	66	1716.514954486346
0900300011482	4758	56	1176.965111391341
0900300011497	5249	98	1867.0222899599923
090030001150A	4541	68	1497.4675181678044
0900300011514	5908	74	1252.5389302640488
0900300011529	5698	159	2790.4527904527904
0900300011533	22	5	22727.272727272728
0900300011548	1494	13	870.1472556894244
0900300011552	1688	12	710.9004739336493
0900300011567	1682	17	1010.7015457788347
0900300011571	2055	31	1508.5158150851582
0900300011586	386	6	1554.4041450777202
0900300011590	1941	30	1545.595054095827
0900300011618	1151	16	1390.0955690703736
0900300011622	2498	31	1240.9927942353884
0900300011637	2821	35	1240.6947890818858
0900300011641	2483	109	4389.850986709625
0900300011656	3244	67	2065.3514180024663
0900300011660	3328	93	2794.4711538461543
0900300011675	3996	68	1701.7017017017015
090030001168A	1544	90	5829.015544041451
0900300011694	1542	59	3826.1997405966276
0900300011707	5005	107	2137.862137862138
0900300011726	2983	78	2614.8172980221257
0900300011730	645	8	1240.3100775193798
0900300011745	3535	36	1018.3875530410184
090030001175A	3635	30	825.3094910591471
0900300011764	2890	51	1764.7058823529412
0900300011779	1832	56	3056.768558951965
0900300011783	3170	63	1987.3817034700317
0900300011798	754	35	4641.909814323608
090040001002A	4726	80	1692.7634363097757
0900400010049	4304	67	1556.6914498141264
0900400010053	6459	79	1223.099551014089
0900400010072	2849	92	3229.203229203229
0900400010091	11767	292	2481.51610435965
0900400010104	7179	128	1782.978130658866
0900400010119	6497	71	1092.812067107896
0900400010123	6200	73	1177.4193548387098
0900400010138	7681	114	1484.1817471683373
0900400010176	9292	89	957.81317262161
0900400010180	6474	74	1143.033673154155
0900400010195	10984	151	1374.7268754552076
0900400010208	7474	95	1271.073053251271
0900400010212	4941	67	1356.000809552722
0900400010227	8867	122	1375.8881245065975
0900400010231	7804	198	2537.1604305484366
0900400010250	4220	51	1208.5308056872038
090040001027A	4578	92	2009.6111839231105
0900400010299	10533	230	2183.6134054875156
0900400010301	4195	99	2359.9523241954707
0900400010320	2945	57	1935.483870967742
090040001034A	3494	41	1173.4401831711507
0900400010354	6409	210	3276.642221875488
0900400010369	14609	460	3148.7439249777535
0900400010373	14170	131	924.4883556810163
0900400010392	599	8	1335.559265442404
0900400010405	4253	63	1481.3073124853045
090040001041A	3190	27	846.3949843260189
0900400200246	9541	185	1939.0001048108165
0900400200316	15087	260	1723.3379730894146
0900400200388	1414	36	2545.968882602546
0900500010012	4355	51	1171.0677382319175
0900500010027	5631	71	1260.8772864500088
0900500010050	10026	158	1575.902653101935
0900500010084	3396	64	1884.5700824499413
0900500010099	4342	95	2187.9318286503917
0900500010101	5213	83	1592.1734126222902
0900500010135	4716	68	1441.899915182358
090050001014A	4456	44	987.4326750448832
0900500010154	8184	33	403.2258064516129
0900500010169	7933	129	1626.1187444850625
0900500010173	4482	78	1740.2945113788487
0900500010188	4422	70	1582.994120307553
0900500010192	5552	80	1440.922190201729
0900500010205	6337	67	1057.2826258481932
0900500010224	3017	33	1093.8017898574744
0900500010243	7379	102	1382.3011248136604
0900500010258	4738	91	1920.6416209371043
0900500010262	4022	58	1442.068622575833
0900500010277	3195	58	1815.3364632237872
0900500010281	2782	29	1042.4155283968369
0900500010296	2757	51	1849.8367791077258
0900500010309	2212	37	1672.6943942133814
0900500010313	3640	49	1346.1538461538462
0900500010328	1639	42	2562.5381330079317
0900500010332	5616	75	1335.4700854700855
0900500010351	4655	61	1310.4189044038667
0900500010366	11779	121	1027.2518889549197
0900500010370	3064	76	2480.4177545691905
0900500010385	6250	105	1680
090050001039A	5682	134	2358.3245336149243
0900500010402	5809	72	1239.4560165260802
0900500010417	5194	104	2002.3103581055063
0900500010421	3669	78	2125.9198691741617
0900500010436	4302	107	2487.215248721525
0900500010440	5028	116	2307.0803500397774
0900500010455	4073	97	2381.536950650626
0900500010474	4984	124	2487.9614767255216
0900500010489	4331	82	1893.3271761717847
0900500010493	2523	62	2457.3919936583434
0900500010506	3021	58	1919.8940748096657
0900500010510	812	38	4679.8029556650245
0900500010525	1550	158	10193.548387096775
0900500010559	2660	95	3571.4285714285716
0900500010563	3592	86	2394.209354120267
0900500010582	3163	64	2023.395510591211
0900500010597	4646	55	1183.8140335772707
090050001060A	1820	30	1648.3516483516482
0900500010614	747	24	3212.85140562249
0900500010629	699	9	1287.5536480686696
0900500010633	2691	87	3232.998885172798
0900500010667	5490	76	1384.3351548269582
0900500010671	5776	104	1800.5540166204987
0900500010703	7776	73	938.7860082304527
0900500010718	0	47	Inf
0900500010722	3178	77	2422.907488986784
0900500010737	2901	98	3378.145467080317
0900500010741	2303	90	3907.946157186279
0900500010756	157	127	80891.71974522293
0900500010760	2709	69	2547.0653377630124
0900500010775	2175	93	4275.862068965517
090050001078A	2384	45	1887.5838926174497
0900500010794	2712	29	1069.3215339233038
0900500010807	1554	27	1737.4517374517375
0900500010811	4407	77	1747.2203312911279
0900500010826	3830	55	1436.0313315926892
0900500010830	4501	84	1866.2519440124415
0900500010845	7846	136	1733.3673209278613
090050001085A	4357	100	2295.1572182694517
0900500010864	5592	96	1716.7381974248929
0900500010879	1856	26	1400.8620689655172
0900500010883	766	94	12271.54046997389
0900500010898	1533	8	521.8525766470972
0900500010900	1915	29	1514.3603133159268
0900500010915	1933	11	569.0636316606311
090050001092A	2904	60	2066.115702479339
0900500010934	2566	36	1402.9618082618863
0900500010949	1842	82	4451.682953311618
0900500010953	1247	139	11146.752205292702
0900500010968	1798	96	5339.265850945495
0900500010972	2989	55	1840.080294412847
0900500010987	2773	66	2380.0937612693833
0900500010991	5676	101	1779.4221282593376
0900500011006	4733	170	3591.802239594338
0900500011025	7872	131	1664.1260162601627
090050001103A	4250	102	2400
0900500011044	6184	166	2684.346701164295
0900500011059	3949	92	2329.7037224613828
0900500011063	2382	29	1217.4643157010914
0900500011078	0	15	Inf
0900500011082	2822	71	2515.946137491141
0900500011097	2433	98	4027.949034114262
090050001110A	3057	59	1929.9967288191037
0900500011114	2112	103	4876.893939393939
0900500011129	1745	100	5730.659025787965
0900500011133	6118	116	1896.0444589735207
0900500011148	4353	139	3193.20009189065
0900500011152	3678	71	1930.3969548667753
0900500011167	5776	86	1488.9196675900278
0900500011171	6810	193	2834.0675477239356
0900500011186	6233	81	1299.5347344777795
0900500011190	4698	107	2277.564921243082
0900500011203	3360	87	2589.285714285714
0900500011218	3646	91	2495.8859023587493
0900500011222	3836	58	1511.9916579770595
0900500011237	2770	159	5740.072202166065
0900500011241	61	48	78688.52459016394
0900500011256	1121	312	27832.29259589652
0900500011260	2382	134	5625.524769101595
0900500011275	2985	204	6834.170854271357
090050001128A	7970	258	3237.1392722710166
0900500011294	7001	178	2542.4939294386513
0900500011307	13176	240	1821.4936247723135
0900500011311	2212	51	2305.6057866184447
0900500011326	2602	51	1960.0307455803227
0900500011330	5138	113	2199.2993382639156
0900500011345	6216	122	1962.6769626769626
090050001135A	6197	82	1323.220913345167
0900500011364	4742	79	1665.963728384648
0900500011379	5453	68	1247.0199889968824
0900500011383	4092	93	2272.727272727273
0900500011398	3003	73	2430.9024309024308
0900500011400	4437	128	2884.832093757043
0900500011415	3347	99	2957.8727218404542
090050001142A	2240	38	1696.4285714285716
0900500011434	1729	108	6246.385193753615
0900500011449	2830	116	4098.939929328622
0900500011453	4315	90	2085.7473928157588
0900500011468	3220	63	1956.5217391304348
0900500011472	2827	68	2405.3767244428723
0900500011487	2732	79	2891.654465592972
0900500011504	1035	77	7439.613526570049
0900500011523	5471	110	2010.6013525863643
0900500011538	4658	102	2189.78102189781
0900500011542	5144	89	1730.1710730948678
0900500011557	3663	82	2238.6022386022382
0900500011561	4128	148	3585.2713178294575
0900500011576	4358	87	1996.3285910968334
0900500011580	3199	66	2063.144732728978
0900500011595	3490	82	2349.570200573066
0900500011608	2467	52	2107.823267126064
0900500011612	2463	62	2517.2553796183515
0900500011627	637	62	9733.124018838305
0900500011631	4100	82	2000
0900500011646	7	80	1142857.142857143
0900500011650	7789	121	1553.4728463217357
0900500011665	4977	86	1727.9485633916013
090050001167A	7456	142	1904.5064377682404
0900500011684	4341	74	1704.6763418567152
0900500011699	3550	67	1887.323943661972
0900500011701	3544	60	1693.002257336343
0900500011716	3589	92	2563.38813039844
0900500011720	3006	90	2994.0119760479042
0900500011735	5876	153	2603.8121170864533
090050001174A	5034	111	2205.005959475566
0900500011754	5282	135	2555.850056796668
0900500011769	5556	116	2087.8329733621313
0900500011773	4611	153	3318.152244632401
0900500011788	3082	95	3082.414016872161
0900500011792	2749	96	3492.1789741724265
0900500011805	3937	241	6121.4122428244855
090050001181A	3787	148	3908.1066807499337
0900500011824	3291	114	3463.992707383774
0900500011839	4354	80	1837.3909049150207
0900500011843	3934	86	2186.0701576004067
0900500011858	2052	49	2387.914230019493
0900500011862	3806	75	1970.572779821335
0900500011877	2646	75	2834.467120181406
0900500011881	2455	55	2240.325865580448
0900500011896	4486	82	1827.9090503789569
0900500011909	6163	215	3488.5607658607823
0900500011913	6882	197	2862.5399593141524
0900500011928	14	13	92857.14285714287
0900500011932	3949	84	2127.1207900734366
0900500011951	2954	78	2640.4874746106975
0900500011970	5898	102	1729.3997965412004
0900500011985	6515	93	1427.475057559478
090050001199A	4250	72	1694.1176470588234
0900500012004	2711	60	2213.2054592401328
0900500012019	4307	64	1485.9530996052938
0900500012023	4433	47	1060.230092488157
0900500012038	3222	74	2296.7101179391684
0900500012042	3604	71	1970.0332963374028
0900500012057	2694	63	2338.530066815145
0900500012061	3153	84	2664.1294005708846
0900500012076	2946	83	2817.379497623897
0900500012080	2148	80	3724.3947858472998
0900500012095	4036	62	1536.1744301288404
0900500012108	3677	74	2012.5101985314116
0900500012112	384	16	4166.666666666667
0900500012127	6630	126	1900.4524886877828
0900500012131	4822	125	2592.285358772294
0900500012146	2810	50	1779.3594306049822
0900500012150	3106	34	1094.6555054732776
0900500012165	1009	143	14172.44796828543
090050001217A	4413	113	2560.6163607523226
0900500012184	2870	58	2020.9059233449477
0900500012199	3485	69	1979.9139167862268
0900500012201	4422	120	2713.7042062415194
0900500012216	3197	76	2377.22865186112
0900500012220	5296	113	2133.68580060423
0900500012235	3997	61	1526.1446084563422
090050001224A	3517	115	3269.832243389252
0900500012254	3267	71	2173.2476277930823
0900500012269	2773	38	1370.3570140641903
0900500012273	5032	76	1510.33386327504
0900500012288	7055	143	2026.9312544294826
0900500012292	4245	70	1648.9988221436984
0900500012305	3614	104	2877.6978417266187
090050001231A	3306	40	1209.9213551119178
0900500012324	2997	68	2268.935602268936
0900500012339	751	22	2929.427430093209
0900500012343	3588	59	1644.370122630992
0900500012358	1767	73	4131.295981890209
0900500012362	2422	45	1857.9686209744013
0900500012377	2986	51	1707.9705291359678
0900500012381	2918	79	2707.333790267306
0900500012396	3449	83	2406.4946361264133
0900500012409	3728	98	2628.755364806867
0900500012428	2407	35	1454.0922309929372
0900500012432	2660	36	1353.3834586466166
0900500012447	2642	31	1173.3535200605602
0900500012451	3246	38	1170.671595810228
0900500012466	3163	66	2086.6266202971865
0900500012470	5374	71	1321.176032750279
0900500012485	6176	113	1829.6632124352332
0900500012536	1867	26	1392.6084627745047
0900500012574	3313	46	1388.4696649562331
0900500012593	5726	63	1100.2444987775061
0900500012606	3240	36	1111.111111111111
0900500012610	7326	86	1173.9011739011737
0900500012625	7116	67	941.5401911186059
090050001263A	2465	61	2474.645030425964
0900500012644	2242	45	2007.1364852809993
0900500012659	2132	32	1500.93808630394
0900500012663	2595	42	1618.4971098265896
0900500012678	2434	47	1930.9778142974528
0900500012682	5028	103	2048.5282418456645
0900500012697	2999	44	1467.1557185728577
090050001270A	2602	56	2152.1906225980015
0900500012714	2630	56	2129.277566539924
0900500012729	4496	56	1245.5516014234875
0900500012733	3894	85	2182.845403184386
0900500012748	3855	52	1348.8975356679637
0900500012752	4278	48	1122.0196353436186
0900500012767	5406	77	1424.3433222345543
0900500012771	5099	35	686.4090998234948
0900500012786	2091	32	1530.368244858919
0900500012790	3663	49	1337.7013377013377
0900500012803	4272	41	959.7378277153558
0900500012822	3802	72	1893.7401367701211
0900500012837	3315	36	1085.972850678733
0900500012841	2417	31	1282.5817128671906
0900500012856	4890	73	1492.8425357873211
0900500012860	4900	116	2367.34693877551
0900500012875	2195	61	2779.043280182232
090050001288A	1702	38	2232.667450058754
0900500012894	2140	52	2429.906542056075
0900500012907	5111	144	2817.4525533163765
0900500012930	4364	50	1145.7378551787351
0900500012945	4598	76	1652.892561983471
090050001295A	4267	41	960.8624326224514
0900500012964	4888	56	1145.6628477905074
0900500012979	5544	36	649.3506493506493
0900500012983	3377	35	1036.422860527095
0900500012998	4749	56	1179.1956201305538
0900500013017	1925	27	1402.5974025974026
0900500013055	2876	37	1286.509040333797
090050001306A	2899	24	827.8716798896171
0900500013074	2060	31	1504.8543689320388
0900500013089	8133	148	1819.7467109307759
0900500013093	12036	160	1329.3452974410104
0900500013110	1574	11	698.856416772554
0900500013125	3029	31	1023.4400792340706
090050001313A	1484	33	2223.719676549865
0900500013144	4023	46	1143.4253044991299
0900500013159	4982	64	1284.6246487354476
0900500013163	1911	55	2878.0743066457353
0900500013178	1870	49	2620.320855614973
0900500013182	2221	15	675.3714542998649
0900500013197	5244	17	324.1800152555301
090050001320A	1993	24	1204.2147516307075
0900500013214	5814	67	1152.390780873753
0900500013229	3544	48	1354.4018058690745
0900500013233	6414	83	1294.0442781415652
0900500013248	5663	35	618.0469715698393
0900500013252	6248	89	1424.4558258642764
0900500013267	3857	27	700.025926886181
0900500013271	4264	56	1313.3208255159475
0900500013286	3236	16	494.4375772558715
0900500013290	4654	56	1203.2660077352816
0900500013303	1861	14	752.283718430951
0900500013318	4304	48	1115.2416356877322
0900500013322	4420	43	972.8506787330316
0900500013337	3043	35	1150.1807426881367
0900500013341	2343	90	3841.2291933418696
0900500013356	1096	68	6204.379562043796
0900500013360	4725	63	1333.3333333333333
0900500013375	1196	17	1421.4046822742475
090050001338A	2997	43	1434.7681014347681
0900500013394	2891	24	830.1625735039778
0900500013407	8413	177	2103.886841792464
0900500013411	5806	45	775.060282466414
0900500013426	2443	16	654.9324600900532
0900500013430	4345	39	897.5834292289989
0900500013445	4319	26	601.9912016670526
090060001001A	6014	207	3441.9687396075824
0900600010024	5155	76	1474.2967992240544
0900600010039	4548	100	2198.768689533861
0900600010043	5255	85	1617.5071360608945
0900600010058	3919	74	1888.236795100791
0900600010077	4527	92	2032.250938811575
0900600010081	7404	117	1580.2269043760132
0900600010096	8297	85	1024.4666747016993
0900600010109	6369	173	2716.28199089339
0900600010128	5499	204	3709.765411893072
0900600010132	4303	248	5763.42086916105
0900600010147	0	51	Inf
0900600010151	0	96	Inf
0900600010166	2473	50	2021.8358269308533
0900600010170	2014	65	3227.4081429990065
0900600010185	10395	175	1683.5016835016836
090060001019A	2185	81	3707.0938215102974
0900600010202	5819	102	1752.8785014607322
0900600010217	7652	126	1646.6283324621013
0900600010221	6103	199	3260.6914632148123
0900600010236	4221	115	2724.472873726605
0900600010240	2790	69	2473.1182795698924
0900600010255	7139	218	3053.64897044404
090060001026A	3997	148	3702.7770828121093
0900600010274	4869	100	2053.809817210926
0900600010289	1038	25	2408.4778420038533
0900600010293	5556	138	2483.801295896328
0900600010310	9912	205	2068.2001614205005
0900600010325	4283	130	3035.2556619192155
090060001033A	4787	98	2047.2111969918528
0900600010344	3910	140	3580.562659846547
0900600010359	6468	133	2056.277056277056
0900600010363	5344	124	2320.359281437126
0900600010378	2360	70	2966.1016949152545
0900600010382	2840	67	2359.154929577465
0900600010397	7901	169	2138.969750664473
0900600010414	3190	118	3699.059561128527
0900600010429	2593	45	1735.4415734670265
0900600010433	2737	74	2703.6901717208625
0900600010448	2579	75	2908.1039162466072
0900600010452	1986	91	4582.074521651562
0900600010467	20	92	460000
0900600010471	3513	114	3245.0896669513236
0900600010486	1631	52	3188.228080931943
0900600010490	3843	117	3044.496487119438
0900600010503	4722	114	2414.23125794155
0900600010518	5337	109	2042.3458872025483
0900600010522	3376	69	2043.8388625592418
0900600010537	4131	39	944.081336238199
0900600010541	3564	80	2244.6689113355783
0900600010556	4808	61	1268.7188019966723
0900600010575	6876	181	2632.344386271088
090060001058A	4801	126	2624.4532389085607
0900600010594	2900	52	1793.1034482758619
0900600010607	7114	180	2530.222097272983
0900600010611	5465	124	2268.9844464775847
0900600010626	1985	35	1763.2241813602016
0900600010630	2680	94	3507.462686567164
0900600010645	2127	44	2068.641278796427
090060001065A	2015	60	2977.667493796526
0900600010664	3851	60	1558.0368735393404
0900600010679	2575	67	2601.9417475728155
0900600010683	4346	81	1863.782788771284
0900600010698	3033	86	2835.476425980877
0900600010700	3686	80	2170.374389582203
0900600010715	2275	97	4263.736263736264
090060001072A	2520	56	2222.222222222222
0900600010734	2950	88	2983.0508474576272
0900600010749	2692	69	2563.1500742942053
0900600010753	2113	61	2886.8906767628964
0900600010768	2016	55	2728.174603174603
0900600010772	1971	29	1471.334348046677
0900600010787	4868	93	1910.4354971240755
0900600010791	1795	56	3119.777158774373
0900600010804	4824	105	2176.6169154228855
0900600010823	3361	88	2618.268372508182
0900600010838	2924	57	1949.3844049247607
0900600010842	2068	54	2611.218568665377
0900600010876	1859	36	1936.5250134480905
0900600010880	1783	56	3140.7739764441953
0900600010895	2428	59	2429.98352553542
0900600010908	1288	15	1164.5962732919254
0900600010927	2727	42	1540.1540154015402
0900600010931	2852	47	1647.9663394109398
0900600010946	2334	64	2742.073693230506
0900600010950	2296	54	2351.91637630662
0900600010965	1629	26	1596.071209330878
090060001097A	1528	23	1505.235602094241
0900600010984	1628	33	2027.027027027027
0900600010999	928	11	1185.344827586207
0900600011003	2550	53	2078.4313725490197
0900600011018	2119	56	2642.756016989146
0900600011022	2024	42	2075.098814229249
0900600011037	2212	59	2667.269439421338
0900600011041	4529	98	2163.833075734158
0900600011056	4258	118	2771.254109910756
0900600011060	3704	71	1916.8466522678189
0900600011075	2887	56	1939.729823346034
090060001108A	4564	105	2300.6134969325153
0900600011094	4236	116	2738.4324834749764
0900600011107	4414	110	2492.070684186679
0900600011111	1413	51	3609.3418259023356
0900600011126	5768	107	1855.0624133148403
0900600011130	3560	73	2050.561797752809
090060001115A	2063	37	1793.504604944256
0900600011164	915	27	2950.8196721311474
0900600011179	8203	148	1804.2179690357186
0900600011183	2241	38	1695.6715751896475
0900600011198	2099	59	2810.86231538828
0900600011200	4449	57	1281.1867835468645
0900700010017	5868	152	2590.3203817314247
0900700010021	7518	214	2846.5017291832937
0900700010036	10273	233	2268.0813783704857
0900700010040	3860	119	3082.901554404145
0900700010055	3701	62	1675.2229127262901
090070001006A	2957	48	1623.2668244842746
0900700010074	2480	69	2782.2580645161293
0900700010089	2144	110	5130.597014925373
0900700010093	1677	21	1252.2361359570662
0900700010106	1524	31	2034.1207349081365
0900700010110	1932	29	1501.0351966873707
090070001013A	2880	86	2986.1111111111113
0900700010144	1855	38	2048.5175202156333
0900700010178	2948	90	3052.91723202171
0900700010182	2946	80	2715.5465037338763
0900700010197	2762	73	2643.012309920348
0900700010214	6202	104	1676.8784263140922
0900700010229	0	38	Inf
0900700010233	1933	66	3414.381789963787
0900700010248	1549	58	3744.3511943189155
0900700010252	3188	74	2321.2045169385196
0900700010271	4150	92	2216.867469879518
0900700010286	2480	75	3024.193548387097
0900700010290	1588	48	3022.6700251889174
0900700010303	1103	22	1994.5602901178604
0900700010318	3528	61	1729.0249433106576
0900700010322	4540	176	3876.6519823788544
0900700010337	5329	123	2308.125351848377
0900700010356	5122	130	2538.0710659898477
0900700010360	5255	86	1636.536631779258
0900700010375	6884	171	2484.020918070889
090070001038A	5123	136	2654.6945149326566
0900700010407	6972	137	1965.0028686173264
0900700010411	4975	119	2391.959798994975
0900700010426	8211	110	1339.66630130313
0900700010445	3848	89	2312.8898128898127
0900700010464	4863	87	1789.0191239975325
0900700010479	4554	147	3227.931488801054
0900700010483	6782	131	1931.5836036567382
0900700010498	5441	103	1893.0343686822275
0900700010500	6227	101	1621.9688453508913
0900700010515	7149	180	2517.834662190516
0900700010534	4645	114	2454.2518837459634
0900700010553	5795	152	2622.9508196721313
0900700010568	5839	106	1815.3793457783868
0900700010572	5325	123	2309.8591549295775
0900700010587	2637	55	2085.7034508911643
0900700010591	3807	114	2994.483845547675
0900700010604	3653	80	2189.9808376676706
0900700010619	5610	158	2816.3992869875224
0900700010623	5433	131	2411.1908706055583
0900700010638	4162	96	2306.5833733781838
0900700010642	2515	45	1789.2644135188868
0900700010657	1916	42	2192.0668058455117
0900700010676	2699	115	4260.837347165617
0900700010680	3125	77	2464
0900700010695	3633	69	1899.2568125516102
0900700010708	4420	101	2285.0678733031673
0900700010727	2181	107	4906.006419073819
0900700010731	11610	193	1662.3600344530578
0900700010746	7993	207	2589.7660452896284
0900700010750	9308	157	1686.7211001289215
0900700010765	3454	82	2374.0590619571512
090070001077A	4047	70	1729.676303434643
0900700010784	6393	139	2174.25308931644
0900700010801	3649	56	1534.667032063579
0900700010816	1207	26	2154.101077050538
0900700010820	1112	23	2068.345323741007
0900700010835	6828	106	1552.4311657879323
090070001084A	7352	141	1917.8454842219803
0900700010854	3289	115	3496.503496503496
0900700010888	4544	49	1078.3450704225352
0900700010892	2220	34	1531.5315315315315
0900700010905	2580	64	2480.6201550387595
090070001091A	1444	28	1939.0581717451523
0900700010924	3759	116	3085.927108273477
0900700010939	4294	89	2072.659524918491
0900700010943	3439	59	1715.6150043617333
0900700010958	5599	102	1821.753884622254
0900700010962	8084	134	1657.595249876299
0900700010977	7001	177	2528.2102556777604
0900700010981	6435	154	2393.162393162393
0900700011000	5229	145	2772.9967489003634
0900700011015	6358	138	2170.493865995596
0900700011034	6566	139	2116.966189460859
0900700011049	4690	138	2942.4307036247337
0900700011053	7253	149	2054.3223493726737
0900700011087	5902	93	1575.7370382921042
0900700011091	4232	84	1984.8771266540641
0900700011104	6367	120	1884.7180775875606
0900700011123	3739	155	4145.493447445841
0900700011138	4768	235	4928.6912751677855
0900700011142	3200	34	1062.5
0900700011157	2662	63	2366.64162283997
0900700011176	2180	64	2935.7798165137615
0900700011180	2051	82	3998.0497318381276
0900700011195	3664	68	1855.8951965065503
0900700011208	991	115	11604.43995963673
0900700011227	5183	134	2585.3752652903722
0900700011246	4327	112	2588.3984284723824
0900700011250	3051	41	1343.8216978039986
0900700011265	3915	61	1558.109833971903
090070001127A	2174	52	2391.904323827047
0900700011284	1379	27	1957.9405366207397
0900700011299	3461	71	2051.430222479052
0900700011301	4045	104	2571.0754017305317
0900700011316	3355	50	1490.3129657228017
0900700011335	0	13	Inf
090070001134A	4839	106	2190.5352345525935
0900700011354	5489	89	1621.4246675168517
0900700011369	6296	143	2271.2833545108006
0900700011388	5484	69	1258.2056892778994
090070001141A	4046	80	1977.261492832427
0900700011424	2881	103	3575.1475182228396
0900700011439	2585	82	3172.147001934236
0900700011443	1973	56	2838.317283324886
0900700011458	1726	70	4055.6199304750867
0900700011462	2160	52	2407.4074074074074
0900700011477	2157	20	927.2137227630969
0900700011481	2435	24	985.6262833675564
0900700011496	2524	75	2971.4738510301113
0900700011509	4535	74	1631.753031973539
0900700011513	5064	74	1461.2954186413904
0900700011566	9689	168	1733.9250696666322
0900700011585	0	5	Inf
090070001159A	6649	97	1458.8659948864492
0900700011621	4393	120	2731.6184839517414
0900700011636	2883	43	1491.5019077349982
0900700011640	4166	70	1680.2688430148823
0900700011655	2448	78	3186.274509803922
090070001166A	3498	77	2201.2578616352203
0900700011674	3237	74	2286.06734630831
0900700011689	2788	63	2259.684361549498
0900700011693	2012	36	1789.2644135188868
0900700011706	7319	189	2582.319989069545
0900700011710	7600	155	2039.4736842105265
0900700011759	3567	102	2859.5458368376785
0900700011763	6474	120	1853.5681186283593
0900700011778	6931	145	2092.050209205021
0900700011814	3694	52	1407.6881429344883
0900700011833	3848	61	1585.2390852390852
0900700011848	3531	47	1331.067686207873
0900700011852	5424	97	1788.3480825958702
0900700011867	11278	159	1409.8244369569072
0900700011890	5546	102	1839.163360980887
0900700011918	4953	104	2099.737532808399
0900700011941	4248	75	1765.536723163842
0900700011960	3765	139	3691.899070385126
0900700011975	3499	76	2172.049156901972
090070001198A	6035	208	3446.5617232808618
0900700011994	13946	117	838.9502366269899
0900700012047	9950	176	1768.8442211055276
0900700012051	11206	133	1186.864179903623
0900700012070	4041	111	2746.844840386043
0900700012085	5799	54	931.1950336264873
090070001209A	3734	56	1499.7321906802358
0900700012102	3577	136	3802.068772714565
0900700012117	3108	59	1898.3268983268983
0900700012121	146	102	69863.01369863014
0900700012140	7841	87	1109.552353016197
0900700012155	3769	59	1565.4019633855135
090070001216A	3673	45	1225.1565477811055
0900700012174	2349	56	2383.9931885908895
0900700012189	2349	42	1787.9948914431673
0900700012193	2575	45	1747.5728155339807
0900700012206	1638	21	1282.0512820512822
0900700012371	1682	36	2140.309155766944
0900700012386	3610	64	1772.8531855955678
0900700012390	3965	414	10441.361916771753
0900700012403	293	170	58020.47781569966
0900700012437	5076	96	1891.2529550827423
0900700012441	4457	93	2086.605339914741
0900700012456	4606	99	2149.3703864524537
0900700012460	4473	108	2414.486921529175
0900700012475	68	388	570588.2352941176
0900700012494	1941	70	3606.3884595569293
0900700012507	2181	65	2980.284273269143
0900700012511	996	23	2309.2369477911648
0900700012526	1056	26	2462.121212121212
0900700012530	10096	126	1248.0190174326467
0900700012545	6946	141	2029.9452922545352
090070001255A	4901	196	3999.1838400326465
0900700012564	6800	106	1558.8235294117646
0900700012579	4417	97	2196.060674666063
0900700012600	4667	133	2849.7964431112064
0900700012615	7690	82	1066.3198959687907
090070001262A	5432	83	1527.982326951399
0900700012634	4200	65	1547.6190476190475
0900700012649	4309	37	858.6679043861684
0900700012653	3427	38	1108.8415523781732
0900700012668	3460	45	1300.578034682081
0900700012672	1034	17	1644.100580270793
0900700012687	4656	39	837.6288659793815
0900700012691	7217	108	1496.4666759041154
0900700012704	5016	52	1036.682615629984
0900700012719	4678	61	1303.9760581445062
0900700012723	3252	23	707.2570725707257
0900700012738	6698	92	1373.5443415945058
0900700012757	5483	78	1422.5788801750866
0900700012776	7954	148	1860.6990193613276
0900700012780	6872	97	1411.5250291036089
0900700012795	4830	81	1677.0186335403725
0900700012808	4320	53	1226.8518518518517
0900700012812	3581	69	1926.836079307456
0900700012831	4795	157	3274.2440041710115
0900700012846	4936	62	1256.0777957860616
0900700012850	3639	84	2308.3264633140975
090070001287A	2859	50	1748.8632388947183
0900700012884	3464	43	1241.3394919168593
0900700012899	6559	77	1173.9594450373534
0900700012901	7668	110	1434.5331246739697
0900700012920	5442	72	1323.042998897464
0900700012935	5663	50	882.9242450997705
090070001294A	3012	35	1162.0185922974767
0900700012954	1974	17	861.1955420466059
0900700012969	2472	26	1051.779935275081
0900700012973	3752	33	879.5309168443497
0900700012988	7510	115	1531.2916111850866
0900700013026	2493	28	1123.1448054552748
0900700013030	5682	53	932.7701513551566
0900700013045	6787	58	854.57492264623545
090070001305A	6494	100	1539.882968894364
0900700013064	7629	132	1730.2398741643728
0900700013079	6741	148	2195.5199525292983
0900700013083	5621	57	1014.0544387119729
0900700013100	5076	78	1536.6430260047282
0900700013115	5980	64	1070.2341137123747
0900700013134	1927	27	1401.141670991178
0900700013149	3862	61	1579.492490937338
0900700013153	3560	49	1376.4044943820224
0900700013204	6595	64	970.4321455648219
0900700013219	7613	101	1326.6780507027452
0900700013223	7231	93	1286.129166090444
0900700013238	6000	63	1050
0900700013242	8092	74	914.4834404349974
0900700013257	4049	50	1234.8728081007657
0900700013276	6422	89	1385.8611024602928
0900700013295	5190	94	1811.1753371868979
0900700013327	7178	92	1281.69406519922
0900700013346	6680	85	1272.4550898203593
0900700013365	2467	30	1216.0518848804215
090070001337A	7522	82	1090.1356022334487
0900700013401	7248	103	1421.0816777041941
0900700013420	4302	32	743.8400743840074
0900700013488	4965	84	1691.842900302115
0900700013492	5625	77	1368.888888888889
0900700013505	5709	66	1156.0693641618498
090070001351A	5705	70	1226.993865030675
0900700013539	4545	69	1518.1518151815183
0900700013558	1463	70	4784.688995215311
0900700013562	1809	51	2819.237147595357
0900700013577	2169	41	1890.2720147533425
0900700013581	3942	74	1877.2196854388637
0900700013596	4594	208	4527.644754026992
0900700013613	1441	41	2845.2463566967385
0900700013628	1158	10	863.5578583765113
0900700013632	6682	112	1676.1448668063454
0900700013647	2443	30	1227.9983626688497
0900700013651	2692	102	3789.0044576523032
0900700013666	1770	24	1355.9322033898304
0900700013670	4143	23	555.1532705768766
090070001369A	2858	60	2099.370188943317
0900700013702	2668	38	1424.2878560719641
0900700013717	2261	39	1724.9004865103934
0900700013721	4549	82	1802.5939766981753
0900700013740	4482	110	2454.261490406069
0900700013755	3456	48	1388.888888888889
090070001376A	1613	45	2789.832610043398
0900700013774	3474	103	2964.881980426022
0900700013789	3719	35	941.1132024737833
0900700013793	4417	56	1267.8288431061806
0900700013806	2080	44	2115.3846153846157
0900700013810	5245	56	1067.6835081029553
0900700013825	3400	53	1558.8235294117646
090070001383A	3575	147	4111.888111888112
0900700013844	1550	8	516.1290322580645
0900700013859	2090	26	1244.019138755981
0900700013863	4153	80	1926.318324103058
0900700013897	3937	149	3784.607569215138
090070001390A	4006	44	1098.3524712930605
0900700013914	5355	81	1512.6050420168067
0900700013967	3638	38	1044.5299615173171
0900700013971	4809	31	644.624662091911
0900700013986	2232	26	1164.8745519713261
0900700013990	3618	38	1050.3040353786623
090070001401A	2883	16	554.9774540409296
0900700014024	8391	81	965.3199856989631
0900700014039	5385	52	965.6453110492107
0900700014043	4417	68	1539.5064523432193
0900700014058	3227	46	1425.4725751471956
0900700014062	2990	29	969.8996655518395
0900700014077	4751	41	862.9762155335719
0900700014081	5245	34	648.2364156339371
0900700014096	6341	97	1529.7271723702888
0900700014109	7678	91	1185.2044803334202
0900700014113	2033	40	1967.5356615838662
0900700014128	1861	12	644.814615797958
0900700014147	508	3	590.5511811023622
0900700014151	1449	8	552.1048999309869
0900700014166	2650	51	1924.5283018867924
0900700014170	4478	64	1429.2094685127288
0900700014185	3902	80	2050.230650948232
090070001419A	3319	23	692.979813196746
0900700014202	3513	53	1508.6820381440364
0900700014217	3246	43	1324.7073321010473
0900700014236	8000	87	1087.5
0900700014240	5046	58	1149.4252873563219
090070001426A	5157	37	717.4713980996704
0900700014274	6175	28	453.4412955465587
0900700014289	3047	25	820.4791598293403
0900700014293	5256	40	761.03500761035
0900700014306	1814	13	716.6482910694598
0900700014310	2911	53	1820.6801786327721
0900700014325	1681	18	1070.7911957168353
090070001433A	4019	59	1468.0268723563076
0900700014344	2790	22	788.5304659498207
0900700014359	2616	28	1070.336391437309
0900700014363	6175	56	906.8825910931174
0900700014382	2196	23	1047.35883424408
0900700014397	1640	12	731.7073170731707
090070001440A	1408	9	639.2045454545454
0900700014414	8028	153	1905.829596412556
0900700014429	2049	47	2293.8018545632012
0900700014433	3751	101	2692.615302585977
0900700014448	2475	64	2585.8585858585857
0900700014452	1960	37	1887.7551020408164
0900700014467	2193	12	547.1956224350205
0900700014471	2274	46	2022.8671943711522
0900700014503	4051	16	394.9642063687979
0900700014522	749	3	400.5340453938585
0900700014537	829	7	844.3908323281061
0900700014541	1011	14	1384.7675568743819
0900700014556	1063	2	188.1467544684854
0900700014560	969	8	825.5933952528379
0900700014575	528	9	1704.5454545454545
0900700014594	1164	1	85.9106529209622
0900700014611	751	7	932.0905459387483
0900700014645	1184	20	1689.1891891891892
090070001465A	2794	37	1324.2662848962061
0900700014664	3439	55	1599.3021227100903
0900700014679	440	17	3863.6363636363635
0900700014683	2771	7	252.61638397690365
0900700014698	3320	59	1777.1084337349398
0900700014715	32	28	87500
090070001472A	5525	143	2588.235294117647
0900700014734	11587	168	1449.9007508414602
0900700014749	6128	96	1566.579634464752
0900700014768	3740	71	1898.3957219251336
0900700014772	4280	30	700.9345794392524
0900700014791	2135	14	655.7377049180327
0900700014804	2676	34	1270.5530642750375
0900700014838	1560	25	1602.5641025641025
0900700014842	1895	31	1635.8839050131926
0900700014857	5508	58	1053.0137981118373
0900700014861	3584	14	390.62500000000006
0900700014876	5532	58	1048.4454085321763
0900700014880	5581	43	770.4712417129547
0900700014895	3426	54	1576.182136602452
0900700014908	5488	107	1949.7084548104956
0900700014912	6803	151	2219.608996031163
0900700014927	6812	113	1658.8373458602466
0900700014931	5485	72	1312.6709206927985
0900700014946	5350	90	1682.2429906542056
0900700014965	4114	67	1628.5853184248906
090070001497A	1927	72	3736.377789309808
0900700014984	4002	46	1149.4252873563219
0900700014999	3431	108	3147.7703293500435
0900700015003	3643	36	988.1965413121055
0900700015018	2989	63	2107.728337236534
0900700015037	2646	39	1473.922902494331
0900700015041	3291	39	1185.0501367365541
0900700015056	806	10	1240.694789081886
0900700015060	5931	98	1652.335187995279
0900700015075	3792	64	1687.7637130801686
090070001508A	3945	32	811.1533586818758
0900700015094	1516	7	461.7414248021108
0900700015107	4853	64	1318.7718936740162
0900700015111	7653	49	640.2717888409774
0900700015126	4853	45	927.2614877395426
0900700015130	2592	34	1311.7283950617284
0900700015145	4478	71	1585.5292541313086
090070001515A	1634	29	1774.7858017135864
0900700015179	1573	18	1144.3102352193262
0900700015183	3932	33	839.2675483214649
0900700015198	5541	136	2454.430608193467
0900700015200	4699	61	1298.1485422430305
0900700015215	5858	150	2560.6008876749743
090070001522A	2314	28	1210.0259291270527
0900700015249	3208	51	1589.775561097257
0900700015253	4458	67	1502.9161058770749
0900700015268	5103	74	1450.127376053302
0900700015272	3347	87	2599.342694950702
0900700015287	2360	71	3008.4745762711864
0900700015291	3411	52	1524.479624743477
0900700015304	5300	70	1320.754716981132
0900700015319	3414	29	849.4434680726422
0900700015323	3240	33	1018.5185185185186
0900700015338	6974	66	946.3722397476341
0900700015342	5210	64	1228.4069097888676
0900700015357	3042	82	2695.595003287311
0900700015361	2123	29	1365.991521431936
0900700015376	961	2	208.11654526534858
0900700015380	8787	100	1138.0448389666553
0900700015395	3565	18	504.9088359046283
0900700015408	2285	19	831.5098468271335
0900700015412	2677	15	560.3287261860291
0900700015427	4283	26	607.0511323838431
0900700015431	2463	60	2436.05359317905
0900700015446	4124	100	2424.8302618816683
0900700015450	3458	58	1677.2700983227298
0900700015465	1777	9	506.4715813168261
090070001547A	3413	95	2783.474948725461
0900700015484	4151	59	1421.344254396531
0900700015499	4474	89	1989.2713455520786
0900700015501	6014	44	731.6262055204523
0900700015516	4913	54	1099.1247710156726
0900700015520	3557	26	730.9530503233062
0900700015535	4112	33	802.5291828793775
090070001554A	2658	34	1279.1572610985704
0900700015554	2894	37	1278.5072563925362
0900700015569	4114	38	923.6752552260573
0900700015573	3451	46	1332.9469718922053
0900700015588	4157	56	1347.1253307673803
0900700015592	1833	59	3218.7670485542826
0900700015605	4180	109	2607.6555023923447
090070001561A	1261	5	396.5107057890563
0900700015624	3644	34	933.0406147091109
0900700015639	1737	16	921.1283822682786
0900700015643	836	15	1794.2583732057417
0900700015658	7959	53	665.9128031159694
0900700015662	2312	87	3762.9757785467127
0900700015677	5416	102	1883.3087149187593
0900700015681	6838	76	1111.4360924246857
0900700015696	1765	49	2776.2039660056657
0900700015709	2911	41	1408.4507042253522
0900700015713	3338	48	1437.9868184541642
0900700015728	1591	14	879.9497171590194
0900700015732	2692	17	631.5007429420506
0900700015747	1979	4	202.122283981809
0900700015751	1984	10	504.03225806451616
0900700015766	2047	28	1367.8553981436248
0900700015770	1531	6	391.90071848465055
0900700015785	500	5	1000
090070001579A	364	3	824.1758241758241
0900700015802	463	1	215.98272138228944
0900700015817	504	7	1388.888888888889
0900700015821	468	2	427.3504273504273
0900700015836	492	5	1016.260162601626
0900700015840	755	6	794.7019867549668
0900700015855	560	4	714.2857142857143
090070001586A	2523	16	634.1656757827983
0900700015874	1628	22	1351.3513513513515
0900700015889	2195	24	1093.394077448747
0900700015893	5778	58	1003.8075458636207
0900700015906	3780	61	1613.7566137566137
0900700015910	3698	43	1162.7906976744187
0900700015925	3653	37	1012.8661374212976
090070001593A	3627	23	634.1328921974084
0900800010014	1704	22	1291.0798122065728
0900800010029	1293	29	2242.846094354215
0900800010033	594	22	3703.703703703704
0900800010048	2569	30	1167.7695601401324
0900800010052	2382	46	1931.1502938706967
0900800010067	771	7	907.9118028534372
0900800010071	1074	6	558.659217877095
0900800010086	3234	158	4885.590599876314
0900800010090	6182	129	2086.7033322549337
0900800010103	5677	69	1215.4306852210675
0900800010118	5588	75	1342.1617752326415
0900800010122	1839	75	4078.3034257748777
0900800010137	7781	128	1645.0327721372573
0900800010141	4742	104	2193.167439898777
0900800010156	3779	67	1772.9558084149246
0900800010160	4021	89	2213.379756279532
0900800010175	1415	29	2049.469964664311
090080001018A	2321	50	2154.2438604049976
0900800010194	3249	115	3539.5506309633734
0900800010207	5197	123	2366.7500481046754
0900800010211	5516	148	2683.1036983321246
0900800010226	3917	95	2425.3255042124074
0900800010230	4286	107	2496.5002333177786
0900800010245	2847	88	3090.9729539866526
090080001025A	3734	43	1151.5800749866096
0900800010264	5201	100	1922.7071716977505
0900800010283	4642	166	3576.044808272296
0900800010298	2262	39	1724.1379310344826
0900800010300	6547	151	2306.399877806629
0900800010315	4031	153	3795.584222277351
090080001032A	5394	144	2669.6329254727475
0900800010334	2848	82	2879.2134831460676
0900800010349	9652	173	1792.3746373808538
0900800010353	4361	107	2453.5656959412977
0900800010387	9890	221	2234.5803842264913
0900800010404	8605	235	2730.9703660662403
0900800010423	8887	206	2317.992573421852
0900800010438	6170	134	2171.7990275526745
0900800010457	7657	166	2167.950894606243
0900800010461	9520	171	1796.218487394958
0900800010476	6192	112	1808.785529715762
0900800010495	4250	113	2658.8235294117644
0900800010508	1233	18	1459.85401459854
0900800010512	8047	136	1690.0708338511247
0900800010527	8287	153	1846.2652347049595
0900800010531	4235	61	1440.3778040141676
0900800010546	5931	145	2444.7816557073006
0900800010550	6008	148	2463.382157123835
0900800010565	4313	109	2527.2432181776026
090080001057A	9341	165	1766.4061663633443
0900800010584	5314	77	1449.0026345502447
0900800010599	1898	27	1422.550052687039
0900900010026	3378	130	3848.431024274719
0900900010308	3177	104	3273.5284859930753
0900900010312	4448	89	2000.8992805755397
0900900010327	2324	85	3657.487091222031
0900900010331	2761	74	2680.1883375588554
0900900010492	416	7	1682.6923076923078
0900900010505	722	9	1246.5373961218836
0900900010562	987	16	1621.0739614994934
0900900110401	10423	197	1890.050849083757
0900900110416	3231	67	2073.6614051377283
0900900110420	7426	160	2154.591974144896
0900900110435	5442	90	1653.8037486218302
090090011051A	971	7	720.9062821833162
0900900110543	275	8	2909.0909090909095
090090015012A	4933	111	2250.1520372998175
0900900170365	4952	118	2382.875605815832
090090017037A	3368	69	2048.693586698337
0900900170384	3799	53	1395.103974730192
0900900170399	1635	35	2140.672782874618
0900900170558	165	NA	NA
0900900240191	5998	87	1450.483494498166
0900900240204	4866	48	986.4364981504315
0900900240219	4502	70	1554.8645046645936
0900900240577	1152	15	1302.0833333333333
0900900240581	382	11	2879.581151832461
0900900240596	681	5	734.2143906020558
0900900240651	134	1	746.2686567164179
090090029044A	1588	49	3085.642317380353
0900900290454	1395	48	3440.860215053763
0900900290469	3035	56	1845.1400329489293
0900900290473	3057	39	1275.7605495583905
0900900290609	159	4	2515.7232704402513
0900900330346	5875	102	1736.1702127659576
0900900330350	9142	137	1498.5779916867207
0900900330488	1830	14	765.0273224043716
0900900360223	3527	56	1587.7516302806916
0900900360238	3357	63	1876.6756032171581
0900900360242	4831	86	1780.1697371144692
0900901520613	2338	38	1625.3207869974335
0900901520628	1950	24	1230.7692307692307
0900903000632	2109	15	711.2375533428165
0900903000647	1969	13	660.2336211274759
0901000010012	1720	55	3197.6744186046512
0901000010027	2510	56	2231.0756972111553
0901000010031	3440	144	4186.046511627907
0901000010046	5330	159	2983.114446529081
0901000010050	4144	99	2388.996138996139
0901000010065	5548	158	2847.8731074260995
0901000010084	2608	57	2185.58282208589
0901000010099	3822	101	2642.595499738357
0901000010101	1491	20	1341.381623071764
0901000010116	4232	102	2410.2079395085066
0901000010135	21198	356	1679.4037173318238
090100001014A	4198	107	2548.832777513101
0901000010169	2493	55	2206.177296430004
0901000010173	4303	114	2649.314431791773
0901000010188	675	4	592.5925925925926
0901000010192	654	28	4281.345565749236
0901000010205	532	1	187.9699248120301
090100001021A	678	13	1917.4041297935105
0901000010224	499	9	1803.6072144288578
0901000010239	975	16	1641.025641025641
0901000010243	7522	251	3336.878489763361
0901000010258	734	1	136.23978201634878
0901000010262	451	3	665.1884700665188
0901000010277	456	2	438.5964912280702
0901000010281	237	33	13924.050632911392
0901000010296	2489	99	3977.5010044194455
0901000010309	3842	104	2706.9234773555436
0901000010313	5423	52	958.8788493453808
0901000010328	6914	132	1909.1698004049756
0901000010332	4719	93	1970.7565162110616
0901000010347	3737	50	1337.971635001338
0901000010351	4430	77	1738.1489841986456
0901000010370	3343	47	1405.922823810948
0901000010385	3058	50	1635.0555918901243
0901000010417	1933	30	1551.9917227108122
0901000010421	5467	149	2725.443570513993
0901000010440	4748	71	1495.3664700926706
0901000010455	3157	71	2248.9705416534684
0901000010474	9421	163	1730.1772635601317
0901000010489	3751	74	1972.8072513996267
0901000010493	4638	130	2802.9322984044848
0901000010506	2719	44	1618.2420007355647
0901000010510	3573	117	3274.5591939546603
0901000010525	2348	68	2896.0817717206132
090100001053A	4574	77	1683.4280717096633
0901000010544	2482	56	2256.2449637389204
0901000010559	2371	47	1982.2859552931254
0901000010563	9225	173	1875.3387533875339
0901000010578	6964	153	2197.013210798392
0901000010597	3848	98	2546.777546777547
090100001060A	2671	73	2733.0587794833395
0901000010614	2078	66	3176.130895091434
0901000010629	2510	79	3147.410358565737
0901000010633	1888	27	1430.0847457627117
0901000010648	1560	31	1987.1794871794873
0901000010667	5010	86	1716.566866267465
0901000010671	4314	28	649.0496059341679
0901000010686	2695	46	1706.864564007421
0901000010690	3546	175	4935.138183869149
0901000010703	1913	22	1150.026136957658
0901000010718	969	3	309.5975232198142
0901000010722	2280	59	2587.719298245614
0901000010737	621	30	4830.917874396135
0901000010741	3250	68	2092.3076923076924
0901000010756	1488	47	3158.6021505376343
0901000010760	841	44	5231.866825208085
0901000010775	1396	50	3581.6618911174783
090100001078A	1113	3	269.54177897574124
0901000010794	757	19	2509.907529722589
0901000010807	1866	18	964.6302250803859
0901000010811	1230	59	4796.747967479675
0901000010826	779	20	2567.3940949935813
0901000010830	774	48	6201.550387596899
0901000010845	1543	84	5443.940375891121
0901000010864	5942	99	1666.1056883204308
0901000010898	2279	96	4212.373848179026
0901000010900	2362	47	1989.8391193903474
0901000010915	2776	117	4214.697406340058
090100001092A	2553	43	1684.2929886408147
0901000010949	1094	27	2468.0073126142597
0901000010953	1943	39	2007.205352547607
0901000010968	4987	131	2626.82975736916
0901000010972	3219	107	3324.013668841255
0901000010987	1969	249	12646.013204672423
0901000010991	2679	108	4031.3549832026874
0901000011006	2910	117	4020.6185567010307
0901000011010	2582	34	1316.8086754453911
0901000011025	681	23	3377.3861967694565
090100001103A	1813	36	1985.6591285162713
0901000011044	2563	92	3589.543503706594
0901000011059	3145	173	5500.794912559619
0901000011063	3028	61	2014.5310435931308
0901000011078	5883	110	1869.7943226245113
090100001110A	3881	124	3195.052821437774
0901000011114	864	54	6250
0901000011129	1218	109	8949.096880131363
0901000011133	2203	137	6218.792555605992
0901000011148	5277	62	1174.9099867348873
0901000011152	2719	21	772.3427730783377
0901000011171	13918	263	1889.6393159936772
0901000011186	3320	97	2921.6867469879517
0901000011190	3425	174	5080.291970802919
0901000011203	396	189	47727.27272727273
0901000011218	2825	30	1061.9469026548672
0901000011222	4628	157	3392.394122731201
0901000011237	4443	153	3443.6191762322755
0901000011241	5752	289	5024.3393602225315
0901000011260	3638	241	6624.518966465091
0901000011275	3017	51	1690.4209479615513
090100001128A	2309	110	4763.96708531832
0901000011294	3322	63	1896.4479229379892
0901000011307	2914	109	3740.562800274537
0901000011330	8619	117	1357.4660633484164
0901000011345	7215	129	1787.9417879417879
090100001135A	6908	123	1780.5442964678632
0901000011364	6072	112	1844.532279314888
0901000011379	2298	174	7571.801566579635
0901000011434	5554	75	1350.3781058696436
0901000011453	4876	79	1620.180475799836
0901000011468	2600	31	1192.3076923076924
0901000011472	3788	117	3088.7011615628303
0901000011487	4629	69	1490.602721970188
0901000011519	4650	119	2559.1397849462364
0901000011523	3528	63	1785.7142857142858
0901000011542	2898	148	5106.970324361629
0901000011557	6638	85	1280.5061765592047
0901000011561	3060	42	1372.549019607843
0901000011580	6453	100	1549.6668216333487
0901000011595	6197	58	935.936743585606
0901000011627	5748	103	1791.9276270006958
0901000011631	4992	110	2203.525641025641
0901000011646	4731	79	1669.8372437116889
0901000011650	4628	70	1512.532411408816
0901000011665	1940	78	4020.6185567010307
090100001167A	8067	136	1685.8807487293911
0901000011684	5661	79	1395.5131602190424
0901000011699	9388	191	2034.5121431614825
0901000011716	7042	108	1533.6552115876173
0901000011720	4093	63	1539.2132909846077
0901000011735	9161	156	1702.8708656260235
090100001174A	9998	119	1190.2380476095218
0901000011754	3230	16	495.35603715170276
0901000011769	9985	124	1241.862794191287
0901000011773	4680	146	3119.6581196581196
0901000011788	4219	133	3152.4057833609863
0901000011792	3160	65	2056.9620253164553
0901000011805	3603	77	2137.1079655842354
090100001181A	5355	76	1419.234360410831
0901000011824	4908	98	1996.7400162999186
0901000011839	4896	74	1511.4379084967322
0901000011843	8392	164	1954.2421353670163
0901000011858	12053	167	1385.5471666804945
0901000011881	4044	45	1112.759643916914
0901000011913	3983	54	1355.7619884509165
0901000011928	2144	12	559.7014925373135
0901000011932	2659	50	1880.4061677322302
0901000011947	4280	87	2032.710280373832
0901000011951	6009	77	1281.4112165085705
0901000011966	3156	66	2091.254752851711
0901000011970	4427	51	1152.0216851140729
0901000011985	4355	64	1469.5752009184846
090100001199A	3207	49	1527.9077019020892
0901000012004	0	2	Inf
0901000012019	3273	38	1161.0143599144515
0901000012023	4169	59	1415.207483809067
0901000012038	4207	41	974.5661991918231
0901000012042	3847	60	1559.6568754873929
0901000012057	3669	68	1853.366039792859
0901000012061	8541	127	1486.945322561761
0901000012076	3152	75	2379.4416243654823
0901000012080	2501	19	759.6961215513794
0901000012095	5597	128	2286.939431838485
0901000012108	3889	106	2725.6364103882747
0901000012112	9888	172	1739.4822006472493
0901000012131	1859	29	1559.9784830554063
0901000012146	2832	34	1200.5649717514123
0901000012150	4588	106	2310.3748910200525
0901000012165	3201	121	3780.068728522337
0901000012184	1979	42	2122.2839818089947
0901000012199	4398	83	1887.2214643019556
0901000012201	3148	28	889.4536213468868
0901000012216	4171	71	1702.2296811316232
0901000012220	3537	40	1130.9018942606729
0901000012235	2796	68	2432.0457796852647
090100001224A	3148	61	1937.7382465057178
0901000012254	4676	55	1176.218990590248
0901000012269	1809	21	1160.8623548922058
0901000012273	80	7	8750
0901000012288	5792	88	1519.3370165745857
0901000012292	6933	62	894.2737631616905
0901000012305	4002	63	1574.2128935532235
090100001231A	2927	51	1742.398360095661
0901000012324	2742	86	3136.396790663749
0901000012339	3534	15	424.4482173174872
0901000012343	4863	97	1994.6535060662143
0901000012358	3083	28	908.20629257217
0901000012362	2279	15	658.1834137779728
0901000012377	2502	8	319.744204636291
0901000012381	21	1	4761.9047619047615
090110001001A	5957	108	1812.9931173409434
0901100010039	6748	147	2178.423236514523
0901100010043	5601	99	1767.5415104445635
0901100010058	4075	127	3116.564417177914
0901100010077	3150	78	2476.190476190476
0901100010096	3480	60	1724.1379310344828
0901100010113	2643	80	3026.863412788498
0901100010128	3792	60	1582.2784810126582
0901100010132	5343	189	3537.3385738349243
0901100010147	3155	69	2187.0047543581613
0901100010151	1796	34	1893.095768374165
0901100010166	2853	59	2067.9985979670523
0901100010170	4060	72	1773.3990147783252
0901100010185	4384	85	1938.8686131386862
0901100010202	3995	77	1927.4092615769712
0901100010217	5895	127	2154.3681085665817
0901100010240	3183	69	2167.766258246937
0901100010255	1754	36	2052.4515393386546
090110001026A	2090	43	2057.416267942584
0901100010274	3768	107	2839.702760084926
0901100010289	3179	36	1132.431582258572
0901100010306	2664	41	1539.039039039039
0901100010310	3465	78	2251.082251082251
0901100010325	3675	55	1496.5986394557824
0901100010344	1211	51	4211.39554087531
0901100010359	2251	57	2532.207907596624
0901100010363	2660	57	2142.857142857143
0901100010378	2181	43	1971.5726730857405
0901100010382	1053	27	2564.1025641025644
0901100010397	1728	31	1793.9814814814815
090110001040A	1655	49	2960.725075528701
0901100010414	1716	32	1864.8018648018647
0901100010433	2480	152	6129.032258064516
0901100010448	1599	24	1500.9380863039398
0901100010452	9689	258	2662.813499845185
0901100010575	5666	97	1711.9661136604307
0901100010594	7502	142	1892.8285790455877
0901100010607	5135	79	1538.4615384615386
0901100010626	3835	72	1877.444589308996
0901100010630	2814	76	2700.7818052594175
0901100010645	4898	100	2041.649652919559
090110001065A	3703	40	1080.2052389954092
0901100010664	6573	118	1795.2228814848625
0901100010679	3892	73	1875.6423432682425
0901100010753	8372	163	1946.96607740086
0901100010768	18	2	11111.111111111111
0901100010772	2516	64	2543.7201907790145
0901100010804	183	1	546.448087431694
0901100010819	2145	36	1678.3216783216783
0901100010823	444	27	6081.081081081081
0901100010927	3863	66	1708.5166968677195
0901100010931	4259	115	2700.1643578304765
0901100010946	3676	90	2448.313384113166
0901100010950	7862	145	1844.3144238107352
0901100010984	4106	61	1485.6307842182173
0901100010999	2558	61	2384.6755277560596
0901100011056	1877	96	5114.544485881726
0901100011075	2196	12	546.448087431694
090110001108A	2415	33	1366.4596273291925
0901100011094	548	64	11678.832116788322
0901100011111	4445	92	2069.7412823397076
0901100011145	3396	35	1030.6242638398116
090110001122A	3513	84	2391.118701964133
0901100011234	2980	39	1308.724832214765
0901100011249	5265	96	1823.3618233618233
0901100011253	2582	51	1975.2130131680867
0901100011268	4936	102	2066.45056726094
0901100011272	2822	28	992.2041105598867
0901100011287	1979	35	1768.5699848408287
0901100011291	3091	84	2717.5671303785184
0901100011304	1301	62	4765.564950038432
0901100011319	1886	18	954.4008483563098
0901100011323	702	5	712.2507122507122
0901100011338	3577	85	2376.292982946603
0901100011342	945	27	2857.1428571428573
0901100011357	9088	181	1991.6373239436618
0901100011361	4873	33	677.2009029345372
0901100011376	7148	143	2000.5595970900952
0901100011380	2511	54	2150.537634408602
0901100011395	1799	26	1445.247359644247
0901100011412	3617	33	912.358307990047
0901100011427	5292	99	1870.7482993197277
0901100011431	5167	58	1122.5082252757886
0901100011446	3561	84	2358.8879528222405
0901100011450	3046	53	1739.9868680236375
0901100011465	4499	52	1155.812402756168
090110001147A	4283	61	1424.235349054401
0901100011484	5241	74	1411.9442854417096
0901100011499	6166	38	616.2828413882582
0901100011535	1920	NA	NA
090110001154A	2156	13	602.9684601113173
090110011072A	4723	60	1270.3789964005928
0901100111037	4071	88	2161.6310488823383
0901100111041	5116	78	1524.628616106333
0901100210787	1696	22	1297.1698113207547
0901100210791	406	4	985.2216748768473
0901100211003	11218	162	1444.1076840791584
0901100211018	3055	58	1898.5270049099836
0901100211022	2720	35	1286.764705882353
090110021115A	8857	130	1467.765609122728
0901100211516	75	2	2666.6666666666665
0901100240734	2619	69	2634.593356242841
0901100240749	306	15	4901.9607843137255
0901100241183	1088	6	551.470588235294
0901100241408	832	9	1081.7307692307693
0901100241520	74	NA	NA
0901100260965	4504	55	1221.1367673179398
090110026097A	4795	80	1668.4045881126174
0901100261164	2209	51	2308.736985061114
0901100261501	136	NA	NA
0901101101107	3050	NA	NA
0901200010017	1691	35	2069.781194559432
0901200010021	671	30	4470.938897168406
0901200010040	1162	24	2065.4044750430294
0901200010074	1813	77	4247.104247104247
0901200010089	0	1	Inf
0901200010093	1875	48	2560
0901200010106	305	12	3934.4262295081967
0901200010125	3367	72	2138.4021384021385
090120001013A	3264	68	2083.333333333333
0901200010144	2232	25	1120.0716845878137
0901200010159	3220	76	2360.248447204969
0901200010163	3244	74	2281.134401972873
0901200010178	2841	19	668.7785990848292
0901200010182	6006	138	2297.7022977022975
0901200010197	1985	44	2216.624685138539
090120001020A	1693	35	2067.3360897814528
0901200010214	1867	133	7123.72790573112
0901200010229	1868	67	3586.723768736617
0901200010233	3761	127	3376.7614996011703
0901200010248	576	13	2256.9444444444443
0901200010267	1902	37	1945.3207150368034
0901200010303	5375	95	1767.4418604651164
0901200010318	3591	78	2172.096908939014
0901200010322	4837	64	1323.1341740748396
0901200010337	4009	52	1297.0815664754302
0901200010341	2923	54	1847.417037290455
0901200010360	4479	77	1719.133735208752
0901200010375	1884	102	5414.012738853504
090120001038A	769	122	15864.759427828349
0901200010394	1458	84	5761.316872427984
0901200010407	935	55	5882.35294117647
0901200010411	1095	163	14885.844748858448
0901200010426	2154	201	9331.476323119778
0901200010430	2844	144	5063.291139240507
0901200010445	2730	80	2930.4029304029305
090120001045A	3668	82	2235.550708833152
0901200010464	1353	67	4951.958610495196
0901200010479	681	117	17180.616740088106
0901200010483	3367	169	5019.305019305019
0901200010498	2920	109	3732.876712328767
0901200010500	7264	121	1665.7488986784142
0901200010515	4311	74	1716.5390860589189
090120001052A	3220	77	2391.304347826087
0901200010534	1952	23	1178.2786885245903
0901200010549	2808	60	2136.7521367521367
0901200010553	4048	71	1753.9525691699603
0901200010568	3668	68	1853.8713195201747
0901200010572	3323	77	2317.1832681312067
0901200010587	2820	36	1276.595744680851
0901200010591	938	32	3411.5138592750536
0901200010604	4628	71	1534.1400172860847
0901200010619	3406	76	2231.3564298297124
0901200010623	3257	92	2824.6852932146144
0901200010638	3105	107	3446.0547504025762
0901200010642	2514	72	2863.961813842482
0901200010657	1833	150	8183.306055646482
0901200010661	1039	11	1058.7102983638113
0901200010676	3407	48	1408.8641033167007
0901200010680	1570	55	3503.1847133757965
0901200010695	142	41	28873.23943661972
0901200010708	4664	89	1908.2332761578043
0901200010712	2381	37	1553.9689206215876
0901200010727	2064	29	1405.0387596899225
0901200010731	1730	28	1618.4971098265896
0901200010746	1681	53	3152.8851873884596
0901200010750	1093	34	3110.704483074108
0901200010765	2229	25	1121.5791834903544
090120001077A	5418	59	1088.9627168696936
0901200010784	3857	52	1348.1980814104227
0901200010799	3477	52	1495.5421340235835
0901200010801	3896	39	1001.0266940451745
0901200010816	3627	72	1985.1116625310176
0901200010820	3260	73	2239.2638036809817
0901200010835	2361	39	1651.8424396442185
090120001084A	2339	69	2949.9786233433088
0901200010854	1138	20	1757.4692442882251
0901200010869	4651	105	2257.579015265534
0901200010888	4587	97	2114.6718988445605
0901200010892	5607	123	2193.6864633493847
0901200010905	4546	79	1737.7914650241971
090120001091A	3968	89	2242.9435483870966
0901200010924	5214	122	2339.8542385884157
0901200010939	3144	133	4230.279898218829
0901200010943	2352	88	3741.496598639456
0901200010958	1529	176	11510.791366906475
0901200010962	1858	76	4090.4198062432724
0901200010977	221	66	29864.253393665156
0901200010981	2639	77	2917.7718832891246
0901200010996	695	90	12949.640287769786
0901200011000	1790	69	3854.7486033519554
0901200011015	1631	67	4107.90925812385
090120001102A	3038	139	4575.378538512179
0901200011034	1194	26	2177.5544388609715
0901200011049	37	3	8108.108108108108
0901200011053	1405	11	782.9181494661922
0901200011068	2082	79	3794.4284341978864
0901200011072	9407	170	1807.1648772190922
0901200011087	1070	2	186.9158878504673
0901200011091	977	18	1842.374616171955
0901200011104	3069	91	2965.1352231997394
0901200011119	4921	95	1930.5019305019307
0901200011123	3913	61	1558.9062100690007
0901200011142	3328	48	1442.3076923076924
0901200011157	5346	120	2244.668911335578
0901200011161	5990	97	1619.3656093489149
0901200011176	3254	159	4886.293792255686
0901200011195	5300	93	1754.7169811320755
0901200011212	3550	128	3605.6338028169016
0901200011299	5328	63	1182.4324324324325
0901200011316	6902	73	1057.6644450883803
0901200011369	5374	96	1786.378861183476
0901200011388	3739	51	1364.0010698047606
0901200011424	4485	91	2028.9855072463768
0901200011439	3716	37	995.6942949407966
0901200011443	4658	78	1674.53842851009
0901200011458	3878	45	1160.3919546157813
0901200011462	11014	207	1879.4261848556382
0901200011477	6749	95	1407.615943102682
0901200011481	5592	120	2145.922746781116
0901200011496	8186	68	830.6865379916931
0901200011509	5341	102	1909.754727579105
0901200011513	5884	72	1223.6573759347382
0901200011547	2859	27	944.3861490031479
0901200011566	305	10	3278.6885245901635
0901200011570	7052	104	1474.758933635848
0901200011585	1883	19	1009.028146574615
090120001159A	3741	69	1844.4266238973537
0901200011602	5746	99	1722.9376957883746
0901200011617	6711	99	1475.189986589182
0901200011621	5835	100	1713.796058269066
0901200011636	4273	48	1123.3325532412825
0901200011640	7425	86	1158.2491582491582
0901200011655	1380	16	1159.4202898550725
090120001173A	1732	8	461.8937644341802
0901200011744	4101	69	1682.5164594001465
0901200011759	6	NA	NA
0901200011890	434	56	12903.225806451612
0901200011903	1255	37	2948.207171314741
0901200011918	2803	112	3995.718872636461
0901200011922	1080	15	1388.888888888889
0901200011937	1884	34	1804.6709129511678
0901200011941	1424	13	912.9213483146068
0901200011956	3097	73	2357.119793348402
0901200011960	2219	51	2298.332582244254
0901200011975	4266	143	3352.086263478669
090120001198A	1589	12	755.1919446192574
0901200011994	3188	33	1035.1317440401506
0901200012009	7701	187	2428.256070640177
0901200012013	8368	189	2258.604206500956
0901200012047	5793	72	1242.87933713102
0901200012051	4700	51	1085.1063829787233
0901200012066	3434	40	1164.8223645894
0901200012070	1962	87	4434.250764525994
0901200012085	2529	19	751.2850929221036
0901200012102	2730	39	1428.5714285714284
0901200012121	13974	171	1223.7011592958352
0901200012136	4691	101	2153.0590492432316
0901200012140	6515	60	920.951650038373
0901200012155	4856	17	350.0823723228995
090120001216A	3015	80	2653.3996683250416
0901200012174	1993	24	1204.2147516307075
0901200012189	5279	70	1326.0087137715477
0901200012193	5723	58	1013.4544819150794
0901200012206	4752	41	862.7946127946128
0901200012210	4455	62	1391.6947250280584
0901200012225	6664	134	2010.8043217286913
090120001223A	7153	115	1607.717041800643
0901200012244	2254	44	1952.0851818988465
0901200012259	1778	19	1068.6164229471315
0901200012263	6035	87	1441.5907207953603
0901200012278	3299	29	879.0542588663232
0901200012282	5014	34	678.1013163143199
0901200012333	264	4	1515.1515151515152
0901200012348	638	3	470.2194357366771
0901200012352	915	4	437.1584699453552
0901200012367	22	3	13636.363636363636
0901200012371	17	NA	NA
0901200012386	153	5	3267.9738562091507
0901200012441	10407	124	1191.5057173056598
0901200012456	2522	22	872.3235527359238
0901200192460	1532	16	1044.3864229765013
0901200192475	1665	40	2402.402402402402
0901200261528	7452	131	1757.9173376274825
0901200261532	6957	121	1739.2554261894493
090120026166A	1406	34	2418.2076813655763
0901200261674	6579	123	1869.5850433196533
0901200261689	3496	49	1401.6018306636156
0901200261693	238	12	5042.016806722689
0901200261706	1747	36	2060.67544361763
0901200261710	785	28	3566.87898089172
0901200262297	1773	71	4004.5121263395376
0901200262314	71	1	1408.4507042253522
0901200262329	357	3	840.3361344537816
0901200262390	65	2	3076.923076923077
0901200262403	2553	55	2154.328241284763
0901200262418	2997	35	1167.8345011678346
0901200262437	505	4	792.0792079207921
090120026248A	301	4	1328.9036544850499
0901200271763	3975	103	2591.194968553459
0901200271778	5838	80	1370.332305584104
0901200271782	6970	82	1176.4705882352941
0901200271797	9291	144	1549.8869874071681
090120027180A	1369	48	3506.208911614317
0901200272028	4151	211	5083.112503011323
0901200272032	4369	106	2426.184481574731
090120027230A	1924	40	2079.002079002079
0901200272422	3200	25	781.25
0901201351227	4058	NA	NA
0901300010014	6567	121	1842.546063651591
0901300010029	2146	56	2609.50605778192
0901300010033	2991	40	1337.3453694416582
0901300010052	202	20	9900.990099009901
0901300010067	8457	184	2175.71242757479
0901300010086	2233	73	3269.1446484549933
0901300010090	7010	66	941.5121255349501
0901300010122	3234	77	2380.9523809523807
0901300010137	3296	94	2851.941747572815
0901300010160	4044	79	1953.5113748763602
0901300010175	566	15	2650.1766784452298
090130001018A	1228	16	1302.9315960912054
0901300010194	766	1	130.54830287206266
0901300010207	2878	54	1876.3029881862406
0901300010211	4509	122	2705.6997116877355
0901300010226	1917	158	8242.044861763172
0901300010230	2926	170	5809.97949419002
0901300010245	2286	72	3149.6062992125985
090130001025A	3457	87	2516.63291871565
0901300010279	4570	90	1969.3654266958426
0901300010283	5623	129	2294.149030766495
0901300010298	10318	179	1734.8323318472574
0901300010300	880	33	3750
0901300010315	2045	43	2102.6894865525674
090130001032A	13	20	153846.15384615387
0901300010334	6075	206	3390.946502057613
0901300010353	5085	107	2104.2281219272368
0901300010368	11731	211	1798.6531412496804
0901300010372	5104	152	2978.056426332288
0901300010387	6531	121	1852.7024957893123
0901300010391	2513	55	2188.6191802626345
0901300010404	2374	41	1727.0429654591405
0901300010419	4481	40	892.6578888640928
0901300010423	939	56	5963.7912673056435
0901300010438	1537	38	2472.34873129473
0901300010442	4369	63	1441.9775692378118
0901300010461	6559	109	1661.8386949230066
0901300010480	6753	101	1495.6315711535613
0901300010495	536	15	2798.507462686567
0901300010508	6807	123	1806.9634200088144
0901300010527	6453	159	2463.9702463970243
0901300010550	3162	89	2814.674256799494
0901300010565	2947	148	5022.05632846963
090130001057A	269	24	8921.933085501858
0901300010599	5132	83	1617.30319563523
0901300010601	5831	93	1594.923683759218
090130001064A	3126	51	1631.4779270633396
0901300010654	3725	87	2335.570469798658
0901300010669	3864	109	2820.910973084886
0901300010688	4942	78	1578.3083771752326
0901300010692	11447	169	1476.3693544160042
0901300010705	913	2	219.0580503833516
090130001071A	691	8	1157.7424023154847
0901300010724	934	16	1713.0620985010707
0901300010739	2840	29	1021.1267605633802
0901300010743	6722	107	1591.7881582862242
0901300010758	4419	60	1357.7732518669382
0901300010762	1530	15	980.3921568627451
0901300010777	2101	38	1808.6625416468348
0901300010809	877	3	342.0752565564424
0901300010813	4180	51	1220.0956937799044
0901300010828	3434	51	1485.148514851485
0901300010832	754	16	2122.0159151193634
0901300010847	1243	19	1528.5599356395817
0901300010851	2606	28	1074.4435917114351
0901300010866	2156	19	881.2615955473099
0901300010870	2133	24	1125.1758087201126
0901300010885	1161	18	1550.3875968992247
090130001089A	867	9	1038.0622837370242
0901300010917	1860	25	1344.0860215053765
0901300011027	5389	111	2059.7513453330857
0901300011031	8257	118	1429.09046869323
0901300011046	2097	52	2479.732951835956
0901300011050	4156	101	2430.2213666987486
0901300011065	4032	126	3125
090130001107A	3253	126	3873.3476790654777
0901300011084	2950	40	1355.9322033898306
0901300011099	2830	46	1625.4416961130744
0901300011101	4781	50	1045.8063166701527
0901300011116	2848	43	1509.8314606741574
0901300011120	2499	39	1560.62424969988
0901300011135	4026	102	2533.532041728763
090130001114A	6318	80	1266.2234884457107
0901300011154	7460	157	2104.55764075067
0901300011169	11635	125	1074.3446497636442
0901300011173	5729	170	2967.359050445104
0901300011188	6177	142	2298.8505747126437
0901300011192	9781	128	1308.6596462529394
0901300011205	698	6	859.5988538681949
090130001121A	7212	81	1123.1281198003328
0901300011224	6729	129	1917.0753455193935
0901300011239	4240	100	2358.490566037736
0901300011243	46	11	23913.043478260868
0901300011262	2986	51	1707.9705291359678
0901300011277	55	74	134545.45454545453
0901300011296	2160	19	879.6296296296296
0901300011309	1210	24	1983.4710743801654
0901300011313	4863	105	2159.16101172116
0901300011328	8341	103	1234.8639251888262
0901300011332	5578	111	1989.9605593402653
0901300011347	1530	21	1372.549019607843
0901300011366	5812	101	1737.7838953888506
0901300011370	4391	102	2322.933272603052
0901300011385	2068	34	1644.100580270793
090130001139A	1719	73	4246.655031995346
0901300011402	3227	57	1766.3464518128292
0901300011417	2212	31	1401.4466546112114
0901300011421	1247	14	1122.6944667201283
0901300011436	2325	30	1290.3225806451612
0901300011440	4557	28	614.4393241167435
0901300011455	2154	20	928.5051067780872
090130001146A	2687	16	595.4596203944919
0901300011474	1442	15	1040.2219140083218
0901300011489	648	8	1234.567901234568
0901300011493	1896	13	685.6540084388186
0901300011506	840	5	595.2380952380953
0901300011510	424	6	1415.0943396226417
0901300011525	1151	21	1824.5004344048655
0901300011544	107	2	1869.1588785046729
0901300011559	2475	3	121.2121212121212
0901300011563	323	NA	NA
0901300011578	35	NA	NA
0901400010011	3973	173	4354.392146992197
0901400010026	4161	320	7690.459024273011
0901400010030	5366	197	3671.263510995155
0901400010045	3480	91	2614.9425287356325
090140001005A	5914	154	2603.990530943524
0901400010064	4064	174	4281.496062992126
0901400010079	6309	337	5341.575527024886
0901400010083	4930	152	3083.16430020284
0901400010098	6213	177	2848.865282472236
0901400010100	1983	55	2773.5753908219867
0901400010115	5163	144	2789.076118535735
090140001012A	5644	169	2994.3302622253723
0901400010134	5075	172	3389.1625615763546
0901400010149	3398	127	3737.492642731018
0901400010153	2901	102	3516.028955532575
0901400010168	1670	53	3173.6526946107783
0901400010172	1828	42	2297.592997811816
0901400010187	6913	193	2791.8414581223783
0901400010191	4213	123	2919.534773320674
0901400010204	6314	193	3056.699398162813
0901400010219	4029	379	9406.800694961528
0901400010223	1127	214	18988.46495119787
0901400010238	6776	151	2228.4533648170013
0901400010242	4514	139	3079.3088170137353
0901400010257	7766	271	3489.569920164821
0901400010261	8246	288	3492.6024739267523
0901400010276	4686	191	4075.9709773794284
0901400010280	2417	75	3103.020273065784
0901400010295	2208	84	3804.3478260869565
0901400010308	3867	129	3335.9193173002327
0901400010312	2167	53	2445.777572681126
0901400010327	1777	84	4727.068092290377
0901400010331	2619	72	2749.14089347079
0901400010346	5180	171	3301.158301158301
0901400010350	3701	136	3674.682518238314
0901400010365	1729	76	4395.604395604396
090140001037A	2546	93	3652.788688138256
0901400010384	4103	197	4801.364854984158
0901400010399	4090	133	3251.833740831296
0901400010401	5533	129	2331.4657509488525
0901400010416	3011	130	4317.502490866821
0901400010420	5609	217	3868.7823141379927
0901400010435	5570	150	2692.998204667864
090140001044A	4368	118	2701.4652014652015
0901400010454	1940	78	4020.6185567010307
0901400010469	7095	167	2353.770260747005
0901400010473	1915	77	4020.88772845953
0901400010488	10448	155	1483.5375191424196
0901400010492	3322	112	3371.4629741119807
0901400010505	3014	242	8029.19708029197
090140001051A	2793	65	2327.2466881489436
0901400010524	2763	121	4379.297864639884
0901400010539	2679	94	3508.771929824561
0901400010543	5681	97	1707.4458722055977
0901400010558	2425	120	4948.453608247422
0901400010562	3819	109	2854.1503011259492
0901400010577	6059	184	3036.804753259614
0901400010581	521	32	6142.034548944338
0901400010596	3156	101	3200.2534854245882
0901400010609	4320	190	4398.148148148148
0901400010613	5414	219	4045.0683413372735
0901400010628	5347	198	3703.011034224799
0901400010632	6933	142	2048.1753930477425
0901400010647	5658	117	2067.868504772004
0901400010651	6444	218	3382.991930477964
0901400010666	3479	96	2759.4136246047715
0901400010670	6796	201	2957.622130665097
0901400010685	4576	146	3190.55944055944
090140001069A	1735	236	13602.305475504321
0901400010702	4122	118	2862.6880155264435
0901400010717	1190	221	18571.42857142857
0901400010721	4471	76	1699.8434354730487
0901400010736	5045	177	3508.424182358771
0901400010740	3523	105	2980.414419528811
0901400010755	5093	191	3750.2454349106615
090140001076A	4076	181	4440.628066732091
0901400010774	7049	181	2567.74010497943
0901400010789	2843	122	4291.2416461484345
0901400010793	4670	222	4753.747323340472
0901400010806	5486	179	3262.850893182647
0901400010810	6987	214	3062.8309718047803
0901400010825	284	345	121478.87323943662
090140001083A	3012	139	4614.873837981408
0901400010844	5577	232	4159.942621481083
0901400010859	5794	152	2623.4035208836726
0901400010863	7925	195	2460.5678233438484
0901400010878	5681	166	2922.020770991023
0901400010882	3795	135	3557.312252964427
0901400010897	1771	64	3613.7775268210053
090140001090A	2649	100	3775.009437523594
0901400010914	2250	168	7466.666666666667
0901400010929	3731	68	1822.5676762262126
0901400010933	3060	76	2483.6601307189544
0901400010948	3045	57	1871.9211822660097
0901400010952	3854	120	3113.6481577581735
0901400010967	705	118	16737.58865248227
0901400010971	3943	122	3094.0907938118185
0901400010986	5256	96	1826.4840182648402
0901400010990	5697	157	2755.836405125505
0901400011005	7611	232	3048.219682039154
090140001101A	4333	114	2630.9716132010153
0901400011024	4142	164	3959.4398841139546
0901500010019	4263	118	2768.0037532254282
0901500010023	4902	116	2366.3810689514485
0901500010038	2800	73	2607.142857142857
0901500010042	2930	103	3515.358361774744
0901500010057	24	20	83333.33333333333
0901500010061	1327	65	4898.266767143933
0901500010076	6626	174	2626.018714156354
0901500010080	7933	313	3945.5439304172446
0901500010095	3670	98	2670.2997275204357
0901500010108	3456	101	2922.4537037037035
0901500010112	2227	77	3457.56623259991
0901500010127	8402	202	2404.1894786955486
0901500010131	2585	51	1972.9206963249515
0901500010146	1384	55	3973.9884393063585
0901500010150	1556	56	3598.9717223650387
0901500010165	5259	159	3023.3884768967487
090150001017A	5239	92	1756.0603168543616
0901500010184	6961	162	2327.251831633386
0901500010199	490	26	5306.122448979592
0901500010201	1612	23	1426.7990074441689
0901500010216	1285	28	2178.988326848249
0901500010220	832	9	1081.7307692307693
0901500010235	1280	35	2734.375
090150001024A	1076	37	3438.6617100371745
0901500010254	230	32	13913.04347826087
0901500010269	1259	55	4368.546465448769
0901500010273	594	66	11111.111111111111
0901500010288	235	28	11914.893617021276
0901500010292	1418	38	2679.8307475317347
0901500010305	1377	26	1888.162672476398
090150001031A	1351	10	740.1924500370096
0901500010324	695	49	7050.359712230216
0901500010339	4888	189	3866.6121112929623
0901500010343	10857	292	2689.509072487796
0901500010358	9880	288	2914.97975708502
0901500010362	3396	9	265.017667844523
0901500010377	1050	30	2857.142857142857
0901500010381	1189	42	3532.380151387721
0901500010396	448	20	4464.285714285715
0901500010409	1281	51	3981.2646370023417
0901500010413	218	32	14678.899082568807
0901500010428	1578	33	2091.254752851711
0901500010432	139	18	12949.640287769784
0901500010447	1394	23	1649.9282639885223
0901500010451	587	25	4258.943781942078
0901500010466	11023	240	2177.2657171368955
0901500010470	6778	173	2552.375331956329
0901500010485	9893	316	3194.1777014050335
090150001049A	1836	660	35947.71241830065
0901500010502	8991	269	2991.8807696585473
0901500010517	8412	228	2710.413694721826
0901500010521	8735	179	2049.2272467086436
0901500010536	5292	231	4365.079365079365
0901500010540	6835	254	3716.1667885881498
0901500010555	4962	193	3889.560661023781
090150001056A	7081	339	4787.459398390058
0901500010574	10841	270	2490.5451526611937
0901500010589	5616	179	3187.321937321937
0901500010593	4685	148	3159.018143009605
0901500010606	5014	257	5125.648185081772
0901500010610	10667	371	3478.0163119902504
0901500010625	1497	73	4876.419505678023
090150001063A	4292	428	9972.041006523765
0901500010644	8279	392	4734.871361275516
0901500010659	4180	194	4641.148325358852
0901500010663	1838	74	4026.1153427638737
0901500010678	9903	245	2473.9977784509742
0901500010682	5682	153	2692.7138331573387
0901500010697	6982	295	4225.150386708679
090150001070A	1542	212	13748.378728923477
0901500010714	2769	155	5597.6886962802455
0901500010729	359	152	42339.83286908078
0901500010733	369	510	138211.38211382114
0901500010748	4753	680	14306.753629286766
0901500010752	1708	222	12997.658079625291
0901500010767	260	286	110000
0901500010771	947	379	40021.11932418163
0901500010786	2006	120	5982.053838484546
0901500010790	2984	160	5361.930294906167
0901500010803	974	275	28234.086242299793
0901500010818	172	318	184883.72093023255
0901500010822	4209	171	4062.7227369921593
0901500010837	732	89	12158.469945355191
0901500010841	1803	141	7820.299500831947
0901500010856	2963	188	6344.920688491394
0901500010860	1788	285	15939.597315436242
0901500010875	7970	501	6286.072772898369
090150001088A	2011	147	7309.796121332671
0901500010894	2048	258	12597.656249999998
0901500010907	2642	176	6661.6199848599545
0901500010911	4562	160	3507.2336694432265
0901500010926	3007	157	5221.150648486864
0901500010930	626	186	29712.460063897764
0901500010945	1082	286	26432.53234750462
090150001095A	738	366	49593.49593495935
0901500010964	3794	250	6589.351607801792
0901500010979	2385	177	7421.3836477987425
0901500010983	982	64	6517.311608961303
0901500010998	2370	246	10379.746835443038
0901500011002	2701	332	12291.743798593114
0901500011017	4538	309	6809.167033935655
0901500011036	6722	600	8925.914906277892
0901500011040	5119	245	4786.091033404962
0901500011055	2373	164	6911.083017277707
090150001106A	6265	195	3112.5299281723865
0901500011074	7648	192	2510.460251046025
0901500011089	2004	118	5888.223552894212
0901500011093	901	186	20643.729189789123
0901500011106	1552	191	12306.701030927834
0901500011110	6307	319	5057.872205485968
0901500011125	8637	290	3357.6473312492762
090150001113A	9074	462	5091.470134450077
0901500011144	7972	228	2860.0100351229303
0901500011159	4258	181	4250.821982151245
0901500011163	2805	133	4741.532976827095
0901500011178	3010	124	4119.601328903655
0901500011182	3062	101	3298.4977139124753
0901500011197	1206	119	9867.330016583748
090150001120A	1876	132	7036.2473347547975
0901500011214	2761	186	6736.689605215502
0901500011229	840	180	21428.57142857143
0901500011233	9393	282	3002.235707441712
0901500011248	6418	147	2290.43315674665
0901500011252	5261	145	2756.1300133054556
0901500011267	3280	101	3079.2682926829266
0901500011271	1636	150	9168.704156479218
0901500011286	1346	64	4754.829123328381
0901500011290	4939	100	2024.7013565499087
0901500011303	2006	73	3639.0827517447656
0901500011318	2378	152	6391.9259882254
0901500011322	1252	87	6948.88178913738
0901500011337	1967	92	4677.173360447382
0901500011341	3497	248	7091.792965398913
0901500011356	3309	211	6376.548806285887
0901500011360	1780	87	4887.640449438202
0901500011375	3238	118	3644.224830142063
090150001138A	584	44	7534.246575342466
0901500011394	5232	162	3096.330275229358
0901500011407	2280	84	3684.210526315789
0901500011411	2636	131	4969.650986342944
0901500011426	1401	78	5567.45182012848
0901500011430	1325	75	5660.377358490567
0901500011445	1674	81	4838.709677419354
090150001145A	3506	169	4820.30804335425
0901500011464	3031	84	2771.3625866050807
0901500011479	3131	132	4215.905461513894
0901500011483	7382	173	2343.538336494175
0901500011498	6019	215	3572.0219305532482
0901500011500	3145	146	4642.289348171701
0901500011515	3624	75	2069.5364238410593
090150001152A	3565	71	1991.5848527349228
0901500011534	3133	803	25630.386211299076
0901500011549	4833	201	4158.9075108628185
0901600010016	7	9	128571.42857142858
0901600010020	2880	47	1631.9444444444446
0901600010035	2	10	499999.99999999994
090160001004A	7185	186	2588.7265135699377
0901600010054	4315	301	6975.666280417149
0901600010069	4680	104	2222.222222222222
0901600010073	1201	44	3663.613655287261
0901600010088	89	101	113483.14606741574
0901600010092	8058	91	1129.3124844874658
0901600010105	5129	126	2456.6192240202768
090160001011A	5077	177	3486.310813472523
0901600010124	4285	115	2683.7806301050177
0901600010139	5001	135	2699.4601079784043
0901600010143	6897	173	2508.3369580977237
0901600010158	4030	266	6600.496277915632
0901600010162	4905	126	2568.807339449541
0901600010177	7071	227	3210.2955734690995
0901600010181	9026	206	2282.295590516286
0901600010196	0	11	Inf
0901600010209	1289	68	5275.407292474786
0901600010213	7545	233	3088.1378396288933
0901600010228	2	30	1499999.9999999998
0901600010232	28	15	53571.42857142858
0901600010247	10020	245	2445.109780439122
0901600010251	8170	214	2619.339045287638
0901600010270	7375	201	2725.4237288135596
0901600010285	7645	173	2262.916939175932
090160001029A	9287	171	1841.2835145902877
0901600010302	0	72	Inf
0901600010317	1962	19	968.3995922528034
0901600010321	2123	34	1601.5073009891664
0901600010336	1100	21	1909.0909090909092
0901600010340	1041	68	6532.1805955811715
090160001036A	3263	56	1716.212074777812
0901600010374	5805	117	2015.5038759689924
0901600010389	4656	100	2147.766323024055
0901600010393	10717	284	2649.995334515256
0901600010410	1560	105	6730.769230769231
0901600010425	2723	42	1542.4164524421594
090160001043A	1613	22	1363.9181649101056
0901600010444	18174	376	2068.889622537691
0901600010459	3824	121	3164.2259414225937
0901600010463	4077	88	2158.449840569046
0901600010478	6255	150	2398.0815347721823
0901600010482	9902	278	2807.513633609372
0901600010497	8511	194	2279.403125367172
090160001050A	4753	125	2629.9179465600673
0901600010514	303	91	30033.00330033003
0901600010529	0	7	Inf
0901600010533	7	13	185714.28571428574
0901600010548	2003	78	3894.1587618572144
0901600010552	1276	80	6269.592476489028
0901600010571	3127	132	4221.298369043812
0901600010586	43	41	95348.83720930232
0901600010590	782	78	9974.424552429668
0901600010603	2645	136	5141.776937618147
0901600010618	591	9	1522.8426395939086
0901600010622	4721	121	2563.0163101037915
0901600010637	3488	142	4071.1009174311926
0901600010641	2207	160	7249.6601721794295
0901600010656	3967	169	4260.14620620116
0901600010660	4042	174	4304.799604156358
0901600010675	2612	101	3866.7687595712096
090160001068A	2198	201	9144.676979071884
0901600010694	906	51	5629.139072847682
0901600010707	1745	47	2693.4097421203437
0901600010711	2471	107	4330.230675839741
0901600010730	4046	65	1606.524962926347
0901600010745	2741	40	1459.3214155417731
090160001075A	665	64	9624.06015037594
0901600010764	349	32	9169.054441260745
0901600010779	1328	105	7906.626506024097
0901600010783	3448	98	2842.2273781902554
0901600010798	309	196	63430.42071197411
0901600010800	1473	6	407.33197556008145
0901600010815	2767	34	1228.767618359234
090160001082A	2213	54	2440.126525079078
0901600010834	555	24	4324.324324324324
0901600010849	831	123	14801.4440433213
0901600010853	2446	13	531.4799672935405
0901600010868	1152	35	3038.1944444444443
0901600010872	1363	47	3448.2758620689656
0901600010887	185	32	17297.297297297297
0901600010891	2076	120	5780.346820809248
0901600010904	1535	19	1237.7850162866448
0901600010919	722	27	3739.612188365651
0901600010923	1521	39	2564.102564102564
0901600010942	862	33	3828.3062645011605
0901600010957	83	9	10843.373493975903
0901600010961	877	14	1596.351197263398
0901600010976	78	4	5128.205128205128
0901600010980	805	16	1987.5776397515529
0901600010995	1836	113	6154.684095860566
090160001100A	13	13	100000.00000000001
0901600011014	265	92	34716.981132075474
0901600011029	2458	133	5410.903173311635
0901600011033	1059	12	1133.1444759206797
0901600011048	1082	14	1293.9001848428836
0901600011052	848	23	2712.2641509433965
0901600011067	639	8	1251.9561815336463
0901600011071	2	6	300000
0901600011086	0	12	Inf
0901600011090	4044	118	2917.903066271019
0901600011103	3137	114	3634.045266177877
0901600011118	6098	169	2771.40045916694
0901600011122	2020	70	3465.3465346534654
0901600011137	3762	104	2764.4869750132907
0901600011141	3492	115	3293.241695303551
0901600011156	8675	375	4322.766570605188
0901600011160	7005	223	3183.4403997144896
0901600011175	1823	184	10093.252879868349
090160001118A	7942	271	3412.238730798287
0901600011194	1448	203	14019.337016574586
0901600011207	8322	158	1898.5820716173996
0901600011211	5224	105	2009.9540581929555
0901600011226	5300	91	1716.9811320754718
0901600011230	682	5	733.1378299120234
0901600011245	0	26	Inf
090160001125A	1264	16	1265.8227848101264
0901600011264	1029	28	2721.0884353741494
0901600011279	1997	14	701.0515773660491
0901600011283	1905	42	2204.7244094488187
0901600011298	1559	14	898.0115458627325
0901600011300	6096	69	1131.8897637795276
0901600011315	1526	38	2490.170380078637
090160001132A	2889	43	1488.4042921426098
0901600011334	3168	42	1325.7575757575758
0901600011349	15549	159	1022.5737989581324
0901600011353	1597	10	626.1740763932372
0901600011368	1893	13	686.7406233491812
0901700010013	5152	93	1805.1242236024843
0901700010028	4855	88	1812.5643666323376
0901700010032	10277	219	2130.9720735623237
0901700010047	3850	116	3012.987012987013
0901700010051	3587	67	1867.856147198216
0901700010066	2976	45	1512.0967741935483
0901700010070	3664	79	2156.113537117904
0901700010085	2912	95	3262.3626373626375
090170001009A	4499	111	2467.214936652589
0901700010102	2899	70	2414.6257330113835
0901700010117	3305	81	2450.8320726172465
0901700010121	5176	166	3207.1097372488407
0901700010136	0	12	Inf
0901700010140	0	241	Inf
0901700010155	2974	91	3059.8520511096167
090170001016A	1827	52	2846.1959496442255
0901700010174	2235	45	2013.4228187919464
0901700010189	1652	46	2784.503631961259
0901700010193	1487	65	4371.217215870881
0901700010206	2629	50	1901.863826550019
0901700010210	13581	225	1656.726308813784
0901700010225	7677	190	2474.925100950892
090170001023A	1910	74	3874.34554973822
0901700010244	2421	63	2602.2304832713758
0901700010259	1596	80	5012.5313283208025
0901700010263	1799	55	3057.254030016676
0901700010278	2185	56	2562.929061784897
0901700010282	3381	78	2307.0097604259095
0901700010297	3631	87	2396.034150371798
090170001030A	3513	123	3501.2809564474805
0901700010314	3467	91	2624.7476204211134
0901700010329	3668	120	3271.537622682661
0901700010333	3022	93	3077.4321641297156
0901700010348	2881	109	3783.40853870184
0901700010352	3400	140	4117.647058823529
0901700010367	5702	121	2122.0624342336023
0901700010371	7102	191	2689.383272317657
0901700010386	1928	23	1192.9460580912864
0901700010390	6818	168	2464.065708418891
0901700010403	2343	67	2859.5817328211697
0901700010418	2531	49	1935.993678387989
0901700010422	6439	130	2018.9470414660661
0901700010437	3905	94	2407.170294494238
0901700010441	5328	122	2289.7897897897897
0901700010456	2635	66	2504.743833017078
0901700010460	4897	113	2307.535225648356
0901700010475	1419	96	6765.327695560254
090170001048A	4890	141	2883.435582822086
0901700010494	4947	146	2951.2836062259958
0901700010507	2189	64	2923.709456372773
0901700010511	20	125	625000
0901700010526	4882	105	2150.757886112249
0901700010530	1856	59	3178.8793103448274
0901700010545	3543	90	2540.220152413209
090170001055A	5390	161	2987.0129870129867
0901700010564	3597	90	2502.0850708924104
0901700010579	2007	128	6377.67812655705
0901700010583	3123	134	4290.7460774895935
0901700010598	4	116	2899999.9999999995
0901700010600	1428	8	560.2240896358544
0901700010615	1474	60	4070.5563093622795
090170001062A	2021	70	3463.631865413162
0901700010634	3946	103	2610.2382159148506
0901700010649	5209	124	2380.495296602035
0901700010653	4238	143	3374.2331288343557
0901700010668	3103	126	4060.586529165324
0901700010672	3902	122	3126.6017426960534
0901700010687	368	142	38586.95652173913
0901700010691	1989	82	4122.674710910005
0901700010704	40	51	127500
0901700010719	2109	75	3556.1877667140825
0901700010723	815	40	4907.9754601227
0901700010738	961	31	3225.806451612903
0901700010742	1718	20	1164.1443538998835
0901700010757	643	34	5287.713841368585
0901700010761	1213	25	2061.0057708161585
0901700010776	2153	48	2229.4472828611238
0901700010780	4389	112	2551.8341307814994
0901700010795	201	134	66666.66666666667
0901700010808	3529	90	2550.297534712383
0901700010812	3791	93	2453.17858084938
0901700010827	4011	89	2218.898030416355
0901700010831	5009	93	1856.6580155719703
0901700010846	3052	90	2948.8859764089125
0901700010865	4462	103	2308.381891528463
090170001087A	4441	109	2454.4021616752984
0901700010884	8393	163	1942.0946026450613
0901700010899	3055	163	5335.515548281505
0901700010901	1384	68	4913.294797687861
0901700010916	1426	41	2875.1753155680226
0901700010920	170	113	66470.58823529413
0901700010935	3159	27	854.7008547008547
090170001094A	1135	20	1762.1145374449338
0901700010954	860	21	2441.860465116279
0901700010969	486	22	4526.748971193416
0901700010973	996	26	2610.441767068273
0901700010988	1288	22	1708.0745341614906
0901700010992	965	20	2072.538860103627
0901700011007	2306	66	2862.098872506505
0901700011011	3456	89	2575.2314814814813
0901700011026	2822	75	2657.689581856839
0901700011030	3171	244	7694.733522548092
0901700011045	4132	120	2904.162633107454
090170001105A	4115	89	2162.8189550425273
0901700011064	1702	58	3407.755581668625
0901700011079	2580	78	3023.2558139534885
0901700011083	1213	48	3957.1310799670237
0901700011098	807	7	867.4101610904584
0901700011100	1312	54	4115.8536585365855
0901700011115	1753	104	5932.686822589846
090170001112A	366	17	4644.808743169398
0901700011134	1331	23	1728.0240420736288
0901700011149	1182	35	2961.0829103214887
0901700011153	885	44	4971.751412429378
0901700011168	2078	85	4090.4716073147256
0901700011172	2458	52	2115.541090317331
0901700011187	2452	54	2202.283849918434
0901700011191	2663	58	2177.9947427713105
0901700011204	3016	63	2088.8594164456235
0901700011219	2419	49	2025.6304257957834
0901700011223	3613	86	2380.293384998616
0901700011238	3484	71	2037.8874856486796
0901700011242	4012	90	2243.2701894317047
0901700011257	2583	46	1780.874951606659
0901700011261	3703	69	1863.3540372670807
0901700011276	2438	87	3568.498769483183
0901700011280	3707	142	3830.5907742109525
0901700011295	4277	118	2758.9431844750993
0901700011308	2791	87	3117.1623074166964
0901700011312	10188	103	1010.993325480958
0901700011327	2763	126	4560.260586319218
0901700011331	3109	91	2926.9861691862334
0901700011346	1274	29	2276.2951334379904
0901700011350	1222	21	1718.494271685761
0901700011365	1058	34	3213.610586011342
090170001137A	1940	40	2061.8556701030925
0901700011384	1299	33	2540.415704387991
0901700011399	4440	130	2927.9279279279276
0901700011401	4497	124	2757.393818100956
0901700011416	6791	171	2518.0385804741572
0901700011420	547	19	3473.491773308958
0901700011435	0	40	Inf
090170001144A	5519	42	761.0074288820438
0901700011454	1543	16	1036.9410239792612
0901700011469	1356	14	1032.4483775811211
0901700011473	1181	4	338.69602032176124
0901700011488	1079	19	1760.8897126969418
0901700011492	900	6	666.6666666666667
0901700011505	2513	2	79.58615200955035
090170001151A	2248	34	1512.455516014235
0901700011524	4295	150	3492.433061699651
